# s_m, x_m, y_m, vx_mps
0.0,6.8895116,0.2320777,5.0
0.0299917,6.911286,0.2527025,5.0
0.0599835,6.9330511,0.273337,5.0
0.0899752,6.9548073,0.293981,5.0
0.1199669,6.9765546,0.3146342,5.0
0.1499586,6.9982933,0.3352965,5.0
0.1799504,7.0200236,0.3559677,5.0
0.2099421,7.0417458,0.3766475,5.0
0.2399338,7.0634599,0.3973356,5.0
0.2699255,7.0851663,0.4180319,5.0
0.2999173,7.1068651,0.4387361,5.0
0.329909,7.1285566,0.459448,5.0
0.3599007,7.1502409,0.4801675,5.0
0.3898925,7.1719183,0.5008941,5.0
0.4198842,7.193589,0.5216278,5.0
0.4498759,7.2152531,0.5423683,5.0
0.4798676,7.236911,0.5631154,5.0
0.5098594,7.2585627,0.5838688,5.0
0.5398511,7.2802086,0.6046284,5.0
0.5698428,7.3018488,0.6253939,5.0
0.5998345,7.3234836,0.646165,5.0
0.6298263,7.3451132,0.6669416,5.0
0.659818,7.3667377,0.6877234,5.0
0.6898097,7.3883575,0.7085101,5.0
0.7198015,7.4099726,0.7293017,5.0
0.7497932,7.4315834,0.7500978,5.0
0.7797849,7.45319,0.7708982,5.0
0.8097766,7.4747928,0.7917027,5.0
0.8397684,7.4963917,0.812511,5.0
0.8697601,7.5179872,0.833323,5.0
0.8997518,7.5395795,0.8541384,5.0
0.9297435,7.5611686,0.8749569,5.0
0.9597353,7.5827549,0.8957784,5.0
0.989727,7.6043386,0.9166026,5.0
1.0197187,7.6259199,0.9374293,5.0
1.0497105,7.647499,0.9582583,5.0
1.0797022,7.6690762,0.9790893,5.0
1.1096939,7.6906516,0.9999221,5.0
1.1396856,7.7122255,1.0207565,5.0
1.1696774,7.7337981,1.0415922,5.0
1.1996691,7.7553696,1.062429,5.0
1.2296608,7.7769402,1.0832668,5.0
1.2596525,7.7985102,1.1041052,5.0
1.2896443,7.8200798,1.124944,5.0
1.319636,7.8416492,1.145783,5.0
1.3496277,7.8632186,1.166622,5.0
1.3796195,7.8847883,1.1874607,5.0
1.4096112,7.9063584,1.208299,5.0
1.4396029,7.9279293,1.2291365,5.0
1.4695946,7.949501,1.2499731,5.0
1.4995864,7.9710739,1.2708085,5.0
1.5295781,7.9926482,1.2916425,5.0
1.5595698,8.014224,1.3124748,5.0
1.5895615,8.0358017,1.3333053,5.0
1.6195533,8.0573813,1.3541337,5.0
1.649545,8.0789633,1.3749598,5.0
1.6795367,8.1005477,1.3957833,5.0
1.7095285,8.1221347,1.416604,5.0
1.7395202,8.1437248,1.4374216,5.0
1.7695119,8.1653179,1.4582361,5.0
1.7995036,8.1869144,1.479047,5.0
1.8294954,8.2085145,1.4998542,5.0
1.8594871,8.2301184,1.5206575,5.0
1.8894788,8.2517263,1.5414565,5.0
1.9194705,8.2733385,1.5622512,5.0
1.9494623,8.2949551,1.5830412,5.0
1.979454,8.3165765,1.6038264,5.0
2.0094457,8.3382027,1.6246064,5.0
2.0394375,8.3598341,1.645381,5.0
2.0694292,8.3814709,1.6661501,5.0
2.0994209,8.4031132,1.6869134,5.0
2.1294126,8.4247613,1.7076707,5.0
2.1594044,8.4464154,1.7284216,5.0
2.1893961,8.4680758,1.7491661,5.0
2.2193878,8.4897427,1.7699037,5.0
2.2493795,8.5114162,1.7906345,5.0
2.2793713,8.5330966,1.811358,5.0
2.309363,8.5547841,1.832074,5.0
2.3393547,8.576479,1.8527824,5.0
2.3693465,8.5981814,1.8734828,5.0
2.3993382,8.6198916,1.8941751,5.0
2.4293299,8.6416098,1.914859,5.0
2.4593216,8.6633363,1.9355343,5.0
2.4893134,8.6850711,1.9562007,5.0
2.5193051,8.7068146,1.976858,5.0
2.5492968,8.7285669,1.997506,5.0
2.5792885,8.7503283,2.0181444,5.0
2.6092803,8.7720991,2.038773,5.0
2.639272,8.7938793,2.0593915,5.0
2.6692637,8.8156692,2.0799998,5.0
2.6992555,8.8374691,2.1005976,5.0
2.7292472,8.8592792,2.1211846,5.0
2.7592389,8.8810996,2.1417606,5.0
2.7892306,8.9029306,2.1623254,5.0
2.8192224,8.9247724,2.1828787,5.0
2.8492141,8.9466253,2.2034203,5.0
2.8792058,8.9684893,2.2239499,5.0
2.9091975,8.9903648,2.2444674,5.0
2.9391893,9.0122519,2.2649724,5.0
2.969181,9.0341509,2.2854649,5.0
2.9991727,9.0560619,2.3059444,5.0
3.0291645,9.0779853,2.3264107,5.0
3.0591562,9.0999211,2.3468637,5.0
3.0891479,9.1218696,2.367303,5.0
3.1191396,9.143831,2.3877285,5.0
3.1491314,9.1658056,2.4081399,5.0
3.1791231,9.1877934,2.4285369,5.0
3.2091148,9.2097948,2.4489194,5.0
3.2391065,9.2318099,2.469287,5.0
3.2690983,9.2538389,2.4896395,5.0
3.29909,9.2758821,2.5099768,5.0
3.3290817,9.2979397,2.5302984,5.0
3.3590735,9.3200117,2.5506043,5.0
3.3890652,9.3420986,2.5708941,5.0
3.4190569,9.3642003,2.5911676,5.0
3.4490486,9.3863173,2.6114246,5.0
3.4790404,9.4084496,2.6316648,5.0
3.5090321,9.4305974,2.651888,5.0
3.5390238,9.452761,2.6720939,5.0
3.5690155,9.4749405,2.6922823,5.0
3.5990073,9.4971362,2.712453,5.0
3.628999,9.5193483,2.7326056,5.0
3.6589907,9.5415769,2.75274,5.0
3.6889825,9.5638222,2.7728559,5.0
3.7189742,9.5860845,2.792953,5.0
3.7489659,9.6083639,2.8130312,5.0
3.7789576,9.6306607,2.8330901,5.0
3.8089494,9.6529749,2.8531295,5.0
3.8389411,9.6753069,2.8731491,5.0
3.8689328,9.6976568,2.8931488,5.0
3.8989245,9.7200247,2.9131283,5.0
3.9289163,9.742411,2.9330872,5.0
3.958908,9.7648157,2.9530254,5.0
3.9888997,9.7872391,2.9729426,5.0
4.0188915,9.8096813,2.9928386,5.0
4.0488832,9.8321426,3.0127131,5.0
4.0788749,9.854623,3.0325658,5.0
4.1088666,9.8771229,3.0523966,5.0
4.1388584,9.8996424,3.0722051,5.0
4.1688501,9.9221816,3.0919911,5.0
4.1988418,9.9447408,3.1117543,5.0
4.2288335,9.9673202,3.1314945,5.0
4.2588253,9.9899198,3.1512115,5.0
4.288817,10.01254,3.1709049,5.0
4.3188087,10.0351808,3.1905746,5.0
4.3488005,10.0578425,3.2102202,5.0
4.3787922,10.0805252,3.2298415,5.0
4.4087839,10.1032292,3.2494383,5.0
4.4387756,10.1259545,3.2690103,5.0
4.4687674,10.1487013,3.2885573,5.0
4.4987591,10.1714699,3.3080789,5.0
4.5287508,10.1942604,3.3275749,5.0
4.5587425,10.217073,3.3470451,5.0
4.5887343,10.2399078,3.3664893,5.0
4.618726,10.262765,3.385907,5.0
4.6487177,10.2856449,3.4052981,5.0
4.6787095,10.3085474,3.4246624,5.0
4.7087012,10.3314729,3.4439996,5.0
4.7386929,10.3544215,3.4633093,5.0
4.7686846,10.3773934,3.4825914,5.0
4.7986764,10.4003886,3.5018456,5.0
4.8286681,10.4234075,3.5210716,5.0
4.8586598,10.44645,3.5402691,5.0
4.8886515,10.4695165,3.5594379,5.0
4.9186433,10.492607,3.5785777,5.0
4.948635,10.5157217,3.5976883,5.0
4.9786267,10.5388608,3.6167694,5.0
5.0086185,10.5620245,3.6358206,5.0
5.0386102,10.5852128,3.6548419,5.0
5.0686019,10.6084259,3.6738328,5.0
5.0985936,10.6316641,3.6927931,5.0
5.1285854,10.6549273,3.7117226,5.0
5.1585771,10.6782159,3.7306209,5.0
5.1885688,10.7015299,3.7494879,5.0
5.2185605,10.7248695,3.7683231,5.0
5.2485523,10.7482348,3.7871265,5.0
5.278544,10.771626,3.8058976,5.0
5.3085357,10.7950433,3.8246363,5.0
5.3385275,10.8184867,3.8433422,5.0
5.3685192,10.8419564,3.862015,5.0
5.3985109,10.8654526,3.8806546,5.0
5.4285026,10.8889754,3.8992606,5.0
5.4584944,10.912525,3.9178327,5.0
5.4884861,10.9361014,3.9363707,5.0
5.5184778,10.9597048,3.9548743,5.0
5.5484695,10.9833354,3.9733432,5.0
5.5784613,11.0069932,3.9917771,5.0
5.608453,11.0306785,4.0101758,5.0
5.6384447,11.0543913,4.028539,5.0
5.6684365,11.0781318,4.0468663,5.0
5.6984282,11.1019001,4.0651576,5.0
5.7284199,11.1256964,4.0834125,5.0
5.7584116,11.1495207,4.1016308,5.0
5.7884034,11.1733732,4.1198122,5.0
5.8183951,11.1972541,4.1379563,5.0
5.8483868,11.2211634,4.1560629,5.0
5.8783785,11.2451012,4.1741318,5.0
5.9083703,11.2690678,4.1921625,5.0
5.938362,11.2930631,4.210155,5.0
5.9683537,11.3170874,4.2281087,5.0
5.9983455,11.3411407,4.2460236,5.0
6.0283372,11.3652232,4.2638992,5.0
6.0583289,11.3893349,4.2817353,5.0
6.0883206,11.413476,4.2995317,5.0
6.1183124,11.4376467,4.3172879,5.0
6.1483041,11.4618469,4.3350037,5.0
6.1782958,11.4860769,4.3526789,5.0
6.2082875,11.5103367,4.3703131,5.0
6.2382793,11.5346265,4.3879061,5.0
6.268271,11.5589463,4.4054575,5.0
6.2982627,11.5832962,4.422967,5.0
6.3282545,11.6076764,4.4404344,5.0
6.3582462,11.6320869,4.4578594,5.0
6.3882379,11.6565279,4.4752416,5.0
6.4182296,11.6809995,4.4925808,5.0
6.4482214,11.7055016,4.5098766,5.0
6.4782131,11.7300346,4.5271288,5.0
6.5082048,11.7545984,4.544337,5.0
6.5381965,11.7791931,4.561501,5.0
6.5681883,11.8038188,4.5786205,5.0
6.59818,11.8284757,4.5956951,5.0
6.6281717,11.8531638,4.6127246,5.0
6.6581635,11.8778832,4.6297086,5.0
6.6881552,11.9026339,4.6466468,5.0
6.7181469,11.9274161,4.663539,5.0
6.7481386,11.9522299,4.6803847,5.0
6.7781304,11.9770753,4.6971838,5.0
6.8081221,12.0019524,4.7139359,5.0
6.8381138,12.0268613,4.7306407,5.0
6.8681056,12.0518021,4.7472978,5.0
6.8980973,12.0767749,4.763907,5.0
6.928089,12.1017796,4.780468,5.0
6.9580807,12.1268165,4.7969804,5.0
6.9880725,12.1518855,4.8134439,5.0
7.0180642,12.1769868,4.8298582,5.0
7.0480559,12.2021203,4.846223,5.0
7.0780476,12.2272863,4.862538,5.0
7.1080394,12.2524847,4.8788028,5.0
7.1380311,12.2777156,4.8950172,5.0
7.1680228,12.3029791,4.9111807,5.0
7.1980146,12.3282752,4.9272931,5.0
7.2280063,12.353604,4.9433541,5.0
7.257998,12.3789655,4.9593634,5.0
7.2879897,12.4043596,4.9753209,5.0
7.3179815,12.4297862,4.9912267,5.0
7.3479732,12.4552447,5.0070811,5.0
7.3779649,12.4807351,5.0228845,5.0
7.4079566,12.5062569,5.038637,5.0
7.4379484,12.5318096,5.0543393,5.0
7.4679401,12.5573926,5.0699922,5.0
7.4979318,12.5830052,5.0855966,5.0
7.5279236,12.6086467,5.1011535,5.0
7.5579153,12.6343165,5.1166638,5.0
7.587907,12.6600137,5.1321285,5.0
7.6178987,12.6857377,5.1475486,5.0
7.6478905,12.7114879,5.1629249,5.0
7.6778822,12.7372636,5.1782584,5.0
7.7078739,12.7630641,5.1935503,5.0
7.7378656,12.7888887,5.2088013,5.0
7.7678574,12.8147368,5.2240124,5.0
7.7978491,12.8406077,5.2391848,5.0
7.8278408,12.8665008,5.2543192,5.0
7.8578326,12.8924154,5.2694168,5.0
7.8878243,12.9183509,5.2844785,5.0
7.917816,12.9443067,5.2995052,5.0
7.9478077,12.970282,5.3144981,5.0
7.9777995,12.9962763,5.329458,5.0
8.0077912,13.022289,5.344386,5.0
8.0377829,13.0483194,5.359283,5.0
8.0677746,13.0743669,5.3741502,5.0
8.0977664,13.1004309,5.3889884,5.0
8.1277581,13.1265107,5.4037988,5.0
8.1577498,13.1526058,5.4185822,5.0
8.1877416,13.1787155,5.4333397,5.0
8.2177333,13.2048393,5.4480724,5.0
8.247725,13.2309765,5.4627812,5.0
8.2777167,13.2571266,5.4774672,5.0
8.3077085,13.2832889,5.4921314,5.0
8.3377002,13.3094628,5.5067748,5.0
8.3676919,13.3356478,5.5213984,5.0
8.3976836,13.3618432,5.5360033,5.0
8.4276754,13.3880485,5.5505905,5.0
8.4576671,13.414263,5.5651611,5.0
8.4876588,13.4404863,5.5797159,5.0
8.5176506,13.4667176,5.5942562,5.0
8.5476423,13.4929565,5.6087829,5.0
8.577634,13.5192023,5.6232971,5.0
8.6076257,13.5454544,5.6377998,5.0
8.6376175,13.5717123,5.652292,5.0
8.6676092,13.5979755,5.6667747,5.0
8.6976009,13.6242432,5.6812492,5.0
8.7275926,13.650515,5.6957162,5.0
8.7575844,13.6767902,5.710177,5.0
8.7875761,13.7030684,5.7246325,5.0
8.8175678,13.7293488,5.7390837,5.0
8.8475596,13.755631,5.7535319,5.0
8.8775513,13.7819144,5.7679778,4.9993401
8.907543,13.8081984,5.7824227,4.9813901
8.9375347,13.8344824,5.7968675,4.9633661
8.9675265,13.8607659,5.8113133,4.9453506
8.9975182,13.8870482,5.8257611,4.9273425
9.0275099,13.9133289,5.840212,4.9093409
9.0575016,13.9396073,5.854667,4.8913445
9.0874934,13.9658829,5.8691271,4.8733523
9.1174851,13.9921551,5.8835934,4.8553631
9.1474768,14.0184233,5.8980669,4.8373758
9.1774686,14.044687,5.9125486,4.8193892
9.2074603,14.0709456,5.9270396,4.8014023
9.237452,14.0971985,5.9415408,4.7834134
9.2674437,14.1234453,5.9560534,4.7654221
9.2974355,14.1496848,5.9705781,4.747429
9.3274272,14.1759161,5.9851155,4.7293675
9.3574189,14.202141,5.999666,4.7111861
9.3874106,14.2283601,6.0142283,4.6928338
9.4174024,14.2545734,6.028801,4.674343
9.4473941,14.2807811,6.0433838,4.655734
9.4773858,14.3069833,6.0579764,4.6370451
9.5073776,14.33318,6.072579,4.6182877
9.5373693,14.3593709,6.0871917,4.5994608
9.567361,14.3855561,6.1018149,4.5805632
9.5973527,14.4117354,6.1164486,4.5615942
9.6273445,14.4379086,6.1310931,4.5425529
9.6573362,14.4640757,6.1457485,4.5234385
9.6873279,14.4902366,6.1604151,4.5042502
9.7173196,14.5163911,6.1750929,4.4849874
9.7473114,14.5425391,6.1897823,4.4656494
9.7773031,14.5686804,6.2044835,4.4462357
9.8072948,14.594815,6.2191967,4.4267456
9.8372866,14.6209427,6.2339221,4.4071786
9.8672783,14.6470634,6.24866,4.3875343
9.89727,14.6731768,6.2634106,4.3678121
9.9272617,14.6992828,6.2781742,4.3480116
9.9572535,14.7253813,6.2929512,4.3281323
9.9872452,14.7514721,6.3077418,4.3081738
10.0172369,14.777555,6.3225463,4.2881356
10.0472286,14.8036297,6.337365,4.2680173
10.0772204,14.8296962,6.3521985,4.2478186
10.1072121,14.8557541,6.3670469,4.2275389
10.1372038,14.8818032,6.3819107,4.2071779
10.1671956,14.9078433,6.3967903,4.1867351
10.1971873,14.9338742,6.4116862,4.1662102
10.227179,14.9598955,6.4265988,4.1456025
10.2571707,14.985907,6.4415285,4.1249118
10.2871625,15.0119084,6.4564759,4.1041375
10.3171542,15.0378995,6.4714415,4.0832791
10.3471459,15.0638798,6.4864259,4.0623362
10.3771376,15.089849,6.5014295,4.0413081
10.4071294,15.1158069,6.5164531,4.0201943
10.4371211,15.141753,6.5314971,3.9989943
10.4671128,15.1676869,6.5465624,3.9777074
10.4971046,15.1936083,6.5616494,3.956333
10.5270963,15.2195168,6.576759,3.9348703
10.557088,15.2454119,6.5918918,3.9133188
10.5870797,15.2712933,6.6070487,3.8916775
10.6170715,15.2971603,6.6222303,3.8699457
10.6470632,15.3230111,6.6374367,3.8481227
10.6770549,15.3488452,6.6526686,3.8262076
10.7070466,15.3746633,6.6679278,3.8041994
10.7370384,15.4004649,6.683215,3.7820972
10.7670301,15.4262495,6.6985313,3.7598999
10.7970218,15.4520165,6.7138776,3.7376064
10.8270136,15.4777652,6.7292548,3.7152155
10.8570053,15.503495,6.7446641,3.6927259
10.886997,15.5292054,6.7601064,3.6701364
10.9169887,15.5548955,6.775583,3.6474456
10.9469805,15.5805648,6.7910948,3.6246518
10.9769722,15.6062125,6.8066431,3.6017537
11.0069639,15.6318379,6.8222291,3.5787494
11.0369556,15.6574401,6.8378539,3.5556373
11.0669474,15.6830185,6.853519,3.5324154
11.0969391,15.7085706,6.8692246,3.5090819
11.1269308,15.7340931,6.8849705,3.4856349
11.1569226,15.7595888,6.9007604,3.4620722
11.1869143,15.785057,6.9165957,3.4383914
11.216906,15.8104965,6.9324779,3.4145902
11.2468977,15.8359066,6.9484084,3.3906659
11.2768895,15.8612861,6.9643889,3.3666158
11.3068812,15.8866341,6.9804208,3.3424369
11.3368729,15.9119494,6.9965057,3.3181263
11.3668646,15.9372311,7.0126454,3.2936805
11.3968564,15.962478,7.0288415,3.2690963
11.4268481,15.9876854,7.0450934,3.2443701
11.4568398,16.0128506,7.0614019,3.2194984
11.4868316,16.0379771,7.0777718,3.1944773
11.5168233,16.0630635,7.094205,3.1693023
11.546815,16.0881085,7.1107032,3.1439906
11.5768067,16.1131104,7.1272688,3.1186187
11.6067985,16.1380665,7.1439061,3.0932715
11.6367902,16.1629725,7.160621,3.0680074
11.6667819,16.1878232,7.1774212,3.0430288
11.6967736,16.2126014,7.1943159,3.0191112
11.7267654,16.2372916,7.2113335,2.9964559
11.7567571,16.2618724,7.2285072,2.974998
11.7867488,16.2863228,7.2458693,2.9545125
11.8167406,16.3106254,7.2634487,2.9348983
11.8467323,16.3347573,7.281267,2.9161676
11.876724,16.358695,7.2993455,2.8982757
11.9067157,16.3824154,7.3177041,2.8812002
11.9367075,16.4058936,7.3363605,2.8648979
11.9666992,16.4291156,7.3553398,2.8493329
11.9966909,16.4520583,7.3746588,2.8344671
12.0266826,16.4746985,7.3943324,2.8202609
12.0566744,16.4970129,7.414374,2.806673
12.0866661,16.5189784,7.4347947,2.7936606
12.1166578,16.5405736,7.4556058,2.7811729
12.1466496,16.56178,7.4768188,2.7691508
12.1766413,16.5825732,7.4984377,2.7575467
12.206633,16.6029311,7.5204662,2.746313
12.2366247,16.6228322,7.5429058,2.7354025
12.2666165,16.6422556,7.565756,2.7247688
12.2966082,16.6611813,7.5890145,2.7143671
12.3265999,16.6795934,7.6126817,2.7041486
12.3565916,16.697484,7.6367667,2.6940548
12.3865834,16.7148249,7.6612494,2.6840457
12.4165751,16.7315996,7.6861213,2.674084
12.4465668,16.7477923,7.7113728,2.6641347
12.4765586,16.7633885,7.7369933,2.6541652
12.5065503,16.7783746,7.7629712,2.6441583
12.536542,16.7927384,7.7892943,2.6341005
12.5665337,16.8064686,7.81595,2.6239618
12.5965255,16.8195551,7.8429256,2.6137119
12.6265172,16.8319891,7.8702082,2.6033173
12.6565089,16.8437631,7.8977848,2.592739
12.6865006,16.8548711,7.925642,2.5819267
12.7164924,16.8653088,7.9537656,2.5708129
12.7464841,16.8750745,7.9821395,2.5593016
12.7764758,16.8841696,8.0107444,2.5472542
12.8064676,16.8926012,8.0395557,2.5344667
12.8364593,16.9003844,8.0685413,2.5206392
12.866451,16.9075471,8.0976599,2.5053331
12.8964427,16.9141371,8.1268609,2.487907
12.9264345,16.9202597,8.1562374,2.467518
12.9564262,16.9260129,8.1856943,2.442896
12.9864179,16.9315328,8.2150892,2.4125798
13.0164096,16.9369611,8.2446074,2.3794065
13.0464014,16.9422346,8.2741097,2.3488955
13.0763931,16.9472531,8.3036628,2.3228374
13.1063848,16.9518565,8.3333102,2.3019486
13.1363766,16.9558419,8.3630029,2.2865761
13.1663683,16.9590195,8.3928407,2.2765335
13.19636,16.9611841,8.4227388,2.2716082
13.2263517,16.9621556,8.4527062,2.2710929
13.2563435,16.961787,8.482729,2.2710929
13.2863352,16.9600583,8.5126368,2.2710929
13.3163269,16.9570156,8.5424658,2.2725761
13.3463186,16.9527053,8.5721644,2.2752914
13.3763104,16.9471783,8.6016468,2.279032
13.4063021,16.9404819,8.63086,2.2836451
13.4362938,16.9326484,8.6598058,2.2890217
13.4662856,16.9237172,8.6884441,2.2950726
13.4962773,16.9137273,8.7167383,2.3017315
13.526269,16.9027238,8.7446411,2.3089505
13.5562607,16.8907474,8.7721236,2.3167046
13.5862525,16.8778279,8.7991829,2.3249835
13.6162442,16.8640037,8.8257966,2.3337765
13.6462359,16.8493134,8.8519457,2.3430813
13.6762276,16.8337958,8.8776149,2.352903
13.7062194,16.8174896,8.9027918,2.3632523
13.7362111,16.8004338,8.9274677,2.3741449
13.7662028,16.7826676,8.9516362,2.3856
13.7961946,16.764235,8.9752882,2.3976413
13.8261863,16.7451676,8.9984337,2.4102986
13.856178,16.7255032,9.0210759,2.4235994
13.8861697,16.7052793,9.0432215,2.4375661
13.9161615,16.6845332,9.064878,2.4522165
13.9461532,16.6632955,9.0860516,2.4673309
13.9761449,16.6415909,9.1067472,2.4827329
14.0061366,16.6194425,9.126968,2.4983642
14.0361284,16.5968719,9.146717,2.5141645
14.0661201,16.5738984,9.1659966,2.5300828
14.0961118,16.5505403,9.1848088,2.5460765
14.1261036,16.5268143,9.2031554,2.5621099
14.1560953,16.5027364,9.2210377,2.5781541
14.186087,16.4783213,9.238457,2.594186
14.2160787,16.4535833,9.2554144,2.6101879
14.2460705,16.4285358,9.2719111,2.6261468
14.2760622,16.4031917,9.2879483,2.642054
14.3060539,16.3775636,9.3035271,2.6579049
14.3360456,16.3516636,9.3186491,2.6736979
14.3660374,16.3255033,9.3333159,2.6894349
14.3960291,16.2990942,9.3475294,2.7051206
14.4260208,16.2724476,9.361292,2.7207618
14.4560126,16.2455743,9.3746065,2.7363683
14.4860043,16.2184851,9.3874758,2.7519513
14.515996,16.1911906,9.3999037,2.7675244
14.5459877,16.1637013,9.4118944,2.7831027
14.5759795,16.1360272,9.4234525,2.798703
14.6059712,16.1081784,9.4345835,2.8143433
14.6359629,16.0801647,9.4452932,2.8300433
14.6659546,16.0519959,9.4555884,2.8458237
14.6959464,16.0236812,9.4654763,2.861706
14.7259381,15.9952299,9.474965,2.8777132
14.7559298,15.9666511,9.4840633,2.8938687
14.7859216,15.9379534,9.4927806,2.9101969
14.8159133,15.9091453,9.5011274,2.9267229
14.845905,15.880235,9.5091145,2.9434723
14.8758967,15.8512304,9.5167538,2.9604713
14.9058885,15.8221391,9.5240579,2.9777464
14.9358802,15.7929685,9.53104,2.9953247
14.9658719,15.7637291,9.5377134,3.0132333
14.9958636,15.7344269,9.5440933,3.0315017
15.0258554,15.705065,9.5501958,3.050159
15.0558471,15.6756494,9.5560373,3.0692333
15.0858388,15.6461856,9.5616347,3.0887525
15.1158306,15.6166792,9.5670057,3.108745
15.1458223,15.5871349,9.5721686,3.1292389
15.175814,15.5575576,9.5771423,3.1502626
15.2058057,15.5279517,9.5819464,3.1718445
15.2357975,15.4983213,9.5866005,3.1939921
15.2657892,15.4686698,9.5911218,3.2166313
15.2957809,15.4390001,9.5955235,3.2395685
15.3257726,15.40932,9.5998169,3.2627657
15.3557644,15.3796253,9.6040147,3.2862471
15.3857561,15.3499178,9.6081267,3.3099408
15.4157478,15.3201982,9.6121562,3.3335251
15.4457396,15.2904667,9.6161021,3.3568488
15.4757313,15.2607236,9.6199626,3.3798874
15.505723,15.230969,9.6237361,3.4026514
15.5357147,15.2012032,9.6274211,3.4251509
15.5657065,15.1714266,9.6310163,3.4473955
15.5956982,15.1416399,9.6345203,3.4693944
15.6256899,15.1118433,9.637932,3.4911567
15.6556816,15.0820355,9.6412507,3.5126914
15.6856734,15.052217,9.6444754,3.5340062
15.7156651,15.0223883,9.6476053,3.5551087
15.7456568,14.9925497,9.6506398,3.5760059
15.7756486,14.9627017,9.653578,3.5967043
15.8056403,14.9328449,9.6564196,3.6172102
15.835632,14.9029797,9.659164,3.6375292
15.8656237,14.8731066,9.6618107,3.6576668
15.8956155,14.8432215,9.6643598,3.6776279
15.9256072,14.8133281,9.6668107,3.6974176
15.9555989,14.7834268,9.6691629,3.7170399
15.9855906,14.7535183,9.6714163,3.7364983
16.0155824,14.723603,9.6735705,3.7557959
16.0455741,14.6936814,9.6756253,3.7749354
16.0755658,14.6637539,9.6775804,3.793919
16.1055576,14.6338209,9.6794356,3.8127484
16.1355493,14.603883,9.6811905,3.8314248
16.165541,14.5739405,9.682845,3.8499489
16.1955327,14.5439874,9.6843989,3.8683208
16.2255245,14.5140271,9.6858516,3.8865402
16.2555162,14.4840627,9.6872025,3.9046062
16.2855079,14.4540936,9.6884499,3.9224703
16.3154996,14.4241242,9.689589,3.9399598
16.3454914,14.3941549,9.6906128,3.9569643
16.3754831,14.3641789,9.6915191,3.9737207
16.4054748,14.3341974,9.692309,3.9904268
16.4354666,14.304214,9.6929838,4.0070872
16.4654583,14.2742282,9.6935448,4.0236962
16.49545,14.2442407,9.6939923,4.0402053
16.5254417,14.2142518,9.694325,4.0565299
16.5554335,14.184262,9.6945411,4.0726522
16.5854252,14.1542716,9.694639,4.0885773
16.6154169,14.1242792,9.6946171,4.1043102
16.6454086,14.0942869,9.6944739,4.119856
16.6754004,14.0642957,9.6942079,4.1352196
16.7053921,14.034306,9.6938178,4.1504056
16.7353838,14.0043183,9.6933022,4.1654187
16.7653756,13.9743332,9.6926599,4.1802633
16.7953673,13.9443512,9.6918896,4.1949438
16.825359,13.9143729,9.6909903,4.2094644
16.8553507,13.8843989,9.6899609,4.2238292
16.8853425,13.8544298,9.6888004,4.2380422
16.9153342,13.8244662,9.6875077,4.2521073
16.9453259,13.7945086,9.686082,4.2660283
16.9753176,13.7645578,9.6845225,4.2798087
17.0053094,13.7346144,9.6828283,4.2934521
17.0353011,13.704679,9.6809986,4.3069618
17.0652928,13.6747523,9.6790328,4.320341
17.0952846,13.6448349,9.6769301,4.333593
17.1252763,13.6149276,9.6746899,4.3467205
17.155268,13.5850309,9.6723117,4.3597265
17.1852597,13.5551444,9.6697946,4.3726138
17.2152515,13.52527,9.6671384,4.3853848
17.2452432,13.4954084,9.6643425,4.3980422
17.2752349,13.4655604,9.6614064,4.4105882
17.3052266,13.4357265,9.6583296,4.4230249
17.3352184,13.4059076,9.6551118,4.4353545
17.3652101,13.3761043,9.6517526,4.4475787
17.3952018,13.3463175,9.6482515,4.4596995
17.4251936,13.3165477,9.6446083,4.4717184
17.4551853,13.2867957,9.6408225,4.4836368
17.485177,13.2570623,9.6368939,4.4954562
17.5151687,13.2273482,9.6328221,4.5071778
17.5451605,13.1976542,9.6286068,4.5188026
17.5751522,13.167981,9.6242478,4.5303316
17.6051439,13.1383294,9.6197446,4.5417655
17.6351356,13.1087,9.6150971,4.5531048
17.6651274,13.0790938,9.6103049,4.5643502
17.6951191,13.0495114,9.6053677,4.5755018
17.7251108,13.0199536,9.6002852,4.5865597
17.7551026,12.9904213,9.5950572,4.5939293
17.7850943,12.9609152,9.5896832,4.5830113
17.815086,12.9314361,9.584163,4.5720536
17.8450777,12.9019849,9.5784962,4.5610571
17.8750695,12.8725623,9.5726824,4.5500225
17.9050612,12.8431693,9.5667212,4.5389511
17.9350529,12.8138066,9.5606122,4.5278442
17.9650446,12.7844752,9.5543549,4.5167031
17.9950364,12.7551759,9.5479489,4.5055298
18.0250281,12.7259096,9.5413936,4.4943261
18.0550198,12.6966773,9.5346885,4.4830971
18.0850116,12.6674799,9.5278328,4.4718457
18.1150033,12.6383184,9.520826,4.4605748
18.144995,12.6091938,9.5136673,4.449288
18.1749867,12.5801069,9.5063558,4.437989
18.2049785,12.551059,9.4988908,4.426682
18.2349702,12.5220512,9.4912713,4.4153713
18.2649619,12.4930847,9.4834964,4.4040619
18.2949536,12.4641608,9.4755648,4.3927588
18.3249454,12.4352806,9.4674755,4.3814677
18.3549371,12.4064454,9.4592272,4.3701946
18.3849288,12.3776567,9.4508185,4.3589459
18.4149206,12.3489158,9.4422478,4.3477284
18.4449123,12.3202241,9.4335136,4.3365494
18.474904,12.2915833,9.4246142,4.3254166
18.5048957,12.262995,9.4155477,4.3143383
18.5348875,12.2344609,9.4063122,4.3033231
18.5648792,12.2059829,9.3969054,4.2923802
18.5948709,12.1775627,9.3873251,4.2815191
18.6248626,12.1492025,9.377569,4.2707501
18.6548544,12.1209043,9.3676344,4.2600842
18.6848461,12.0926705,9.3575185,4.2495256
18.7148378,12.0645031,9.3472184,4.2391456
18.7448296,12.0364049,9.3367301,4.2290067
18.7748213,12.0083796,9.3260487,4.219103
18.804813,11.9804306,9.3151693,4.2094309
18.8348047,11.9525614,9.3040871,4.1999864
18.8647965,11.9247755,9.2927975,4.1907655
18.8947882,11.8970767,9.2812959,4.1817644
18.9247799,11.8694687,9.269578,4.1729793
18.9547716,11.8419553,9.2576395,4.1644062
18.9847634,11.8145405,9.2454763,4.1560414
19.0147551,11.7872283,9.2330844,4.1478812
19.0447468,11.7600227,9.22046,4.139922
19.0747386,11.732928,9.2075994,4.1321602
19.1047303,11.7059484,9.1944991,4.1245924
19.134722,11.6790883,9.1811557,4.117215
19.1647137,11.6523519,9.1675659,4.1100249
19.1947055,11.6257438,9.1537266,4.1030187
19.2246972,11.5992685,9.1396349,4.0961932
19.2546889,11.5729307,9.1252879,4.0895455
19.2846806,11.546735,9.110683,4.0830726
19.3146724,11.5206862,9.0958178,4.0767716
19.3446641,11.4947891,9.0806898,4.0706399
19.3746558,11.4690486,9.0652969,4.0646748
19.4046476,11.4434696,9.049637,4.0588738
19.4346393,11.4180573,9.0337082,4.0532346
19.464631,11.3928166,9.0175088,4.0477551
19.4946227,11.3677527,9.0010372,4.0424332
19.5246145,11.3428707,8.9842919,4.0372671
19.5546062,11.3181761,8.9672717,4.0322552
19.5845979,11.293674,8.9499754,4.0273959
19.6145896,11.2693699,8.9324021,4.022688
19.6445814,11.2452691,8.9145508,4.0181305
19.6745731,11.2213773,8.896421,4.0137226
19.7045648,11.1976998,8.878012,4.0094637
19.7345566,11.1742424,8.8593235,4.0053537
19.7645483,11.1510107,8.8403551,4.0013926
19.79454,11.1280104,8.8211069,3.9975809
19.8245317,11.1052473,8.8015787,3.9939192
19.8545235,11.0827273,8.7817708,3.9904086
19.8845152,11.0604563,8.7616834,3.9870508
19.9145069,11.0384403,8.741317,3.9838478
19.9444987,11.0166854,8.7206722,3.980802
19.9744904,10.9951976,8.6997496,3.9779163
20.0044821,10.9739833,8.6785501,3.9751945
20.0344738,10.9530487,8.6570745,3.9726406
20.0644656,10.9324002,8.635324,3.9702596
20.0944573,10.9120445,8.6132998,3.9680569
20.124449,10.891988,8.5910031,3.9660391
20.1544407,10.8722377,8.5684354,3.9642132
20.1844325,10.8528002,8.5455982,3.9625876
20.2144242,10.83368,8.5224897,3.9611712
20.2444159,10.8148861,8.4991138,3.9599744
20.2744077,10.7964267,8.4754732,3.9590089
20.3043994,10.7783094,8.4515699,3.9582877
20.3343911,10.7605419,8.4274059,3.9578253
20.3643828,10.7431324,8.4029834,3.9576377
20.3943746,10.7260891,8.3783046,3.9576377
20.4243663,10.7094185,8.3533733,3.9576377
20.454358,10.6931172,8.3281997,3.9580589
20.4843497,10.6771725,8.3028,3.9594878
20.5143415,10.6615687,8.2771907,3.9620124
20.5443332,10.6462895,8.2513879,3.9656287
20.5743249,10.631315,8.2254013,3.9703353
20.6043167,10.6166284,8.1992471,3.976132
20.6343084,10.6022141,8.1729435,3.9830201
20.6643001,10.5880534,8.1465043,3.991002
20.6942918,10.5741271,8.1199426,4.0000799
20.7242836,10.5604156,8.0932708,4.010255
20.7542753,10.546899,8.0665011,4.0215258
20.784267,10.5335568,8.0396445,4.0338877
20.8142587,10.5203675,8.012709,4.047331
20.8442505,10.507312,7.9857072,4.0618363
20.8742422,10.4943719,7.958652,4.0773777
20.9042339,10.4815273,7.9315515,4.0939209
20.9342257,10.4687608,7.9044173,4.1114248
20.9642174,10.4560555,7.8772553,4.1298167
20.9942091,10.4434048,7.8500576,4.1481736
21.0242008,10.4308185,7.8228321,4.1661186
21.0541926,10.4183067,7.7955847,4.1836043
21.0841843,10.4058699,7.7683006,4.2006232
21.114176,10.3935143,7.7409772,4.2171744
21.1441677,10.3812463,7.7136121,4.2332699
21.1741595,10.3690716,7.6862033,4.2489287
21.2041512,10.356996,7.6587492,4.2641756
21.2341429,10.3450246,7.6312482,4.2790395
21.2641347,10.3331622,7.6036995,4.2935519
21.2941264,10.3214128,7.576102,4.3077454
21.3241181,10.3097802,7.5484552,4.321653
21.3541098,10.2982672,7.5207586,4.3353074
21.3841016,10.2868765,7.493012,4.3487404
21.4140933,10.2756101,7.4652153,4.3619825
21.444085,10.2644694,7.4373686,4.3750628
21.4740767,10.2534555,7.4094722,4.3880086
21.5040685,10.2425691,7.3815263,4.4008455
21.5340602,10.2318104,7.3535314,4.4135976
21.5640519,10.2211793,7.3254881,4.426287
21.5940437,10.2106753,7.2973971,4.4389345
21.6240354,10.2002977,7.2692593,4.451559
21.6540271,10.1900453,7.2410754,4.4641783
21.6840188,10.1799169,7.2128466,4.4768085
21.7140106,10.169911,7.1845738,4.4894648
21.7440023,10.1600257,7.1562581,4.5021609
21.773994,10.1502592,7.1279009,4.5149097
21.8039857,10.1406092,7.0995034,4.5277229
21.8339775,10.1310734,7.0710668,4.5406116
21.8639692,10.1216493,7.0425926,4.5535856
21.8939609,10.1123344,7.0140821,4.5666545
21.9239527,10.1031258,6.9855368,4.5798268
21.9539444,10.0940206,6.9569582,4.5931105
21.9839361,10.0850159,6.9283478,4.606513
22.0139278,10.0761085,6.899707,4.6200413
22.0439196,10.0672954,6.8710384,4.6337015
22.0739113,10.0585737,6.8423443,4.6474999
22.103903,10.0499389,6.8136231,4.6614425
22.1338947,10.0413876,6.7848763,4.6755341
22.1638865,10.0329162,6.7561052,4.6897791
22.1938782,10.0245212,6.7273115,4.7041812
22.2238699,10.0161989,6.6984964,4.7187442
22.2538617,10.0079456,6.6696616,4.733471
22.2838534,9.9997575,6.6408082,4.7483643
22.3138451,9.991631,6.6119379,4.7634263
22.3438368,9.9835622,6.5830519,4.7786589
22.3738286,9.9755473,6.5541515,4.7940635
22.4038203,9.9675826,6.525238,4.809641
22.433812,9.9596635,6.4963104,4.8253235
22.4638037,9.9517863,6.4673694,4.8409455
22.4937955,9.9439475,6.4384179,4.8565076
22.5237872,9.9361436,6.4094571,4.8720104
22.5537789,9.9283707,6.3804881,4.8874545
22.5837707,9.9206254,6.351512,4.9028406
22.6137624,9.9129039,6.3225299,4.9181691
22.6437541,9.9052029,6.2935427,4.9334406
22.6737458,9.897519,6.2645514,4.9486558
22.7037376,9.8898488,6.2355569,4.9638152
22.7337293,9.8821892,6.2065601,4.9789192
22.763721,9.8745372,6.1775616,4.9939685
22.7937127,9.8668897,6.1485622,5.0
22.8237045,9.8592442,6.1195626,5.0
22.8536962,9.851598,6.0905633,5.0
22.8836879,9.8439487,6.061565,5.0
22.9136797,9.8362942,6.0325679,5.0
22.9436714,9.8286326,6.0035726,5.0
22.9736631,9.8209623,5.9745794,5.0
23.0036548,9.8132817,5.9455886,5.0
23.0336466,9.8055898,5.9166003,5.0
23.0636383,9.7978859,5.8876148,5.0
23.09363,9.7901694,5.8586321,5.0
23.1236217,9.7824403,5.8296524,5.0
23.1536135,9.7746986,5.8006755,5.0
23.1836052,9.7669452,5.7717015,5.0
23.2135969,9.7591808,5.7427301,5.0
23.2435887,9.7514068,5.7137611,5.0
23.2735804,9.7436257,5.6847972,5.0
23.3035721,9.7358394,5.6558384,5.0
23.3335638,9.7280416,5.6268794,5.0
23.3635556,9.7202197,5.5979256,5.0
23.3935473,9.7123606,5.568983,5.0
23.423539,9.7044499,5.5400542,5.0
23.4535307,9.6964734,5.5111437,5.0
23.4835225,9.6884166,5.4822554,5.0
23.5135142,9.6802648,5.4533937,5.0
23.5435059,9.6720034,5.424563,5.0
23.5734977,9.6636177,5.3957681,5.0
23.6034894,9.6550927,5.3670138,5.0
23.6334811,9.646414,5.3383053,5.0
23.6634728,9.6375681,5.3096478,5.0
23.6934646,9.6285466,5.2810456,5.0
23.7234563,9.6193491,5.2524997,5.0
23.753448,9.6099788,5.2240101,5.0
23.7834397,9.6004387,5.195577,5.0
23.8134315,9.590732,5.1672003,5.0
23.8434232,9.5808615,5.1388801,5.0
23.8734149,9.5708299,5.1106165,5.0
23.9034067,9.5606396,5.0824095,5.0
23.9333984,9.5502929,5.0542594,5.0
23.9633901,9.5397921,5.0261663,5.0
23.9933818,9.5291392,4.9981303,5.0
24.0233736,9.5183362,4.9701516,5.0
24.0533653,9.5073849,4.9422305,5.0
24.083357,9.496287,4.9143671,5.0
24.1133487,9.4850442,4.8865618,5.0
24.1433405,9.4736581,4.8588147,5.0
24.1733322,9.4621301,4.8311261,5.0
24.2033239,9.4504617,4.8034963,5.0
24.2333157,9.4386542,4.7759256,5.0
24.2633074,9.4267093,4.748415,5.0
24.2932991,9.4146284,4.7209651,5.0
24.3232908,9.4024122,4.6935751,5.0
24.3532826,9.3900618,4.6662451,5.0
24.3832743,9.3775785,4.6389754,5.0
24.413266,9.3649634,4.6117665,5.0
24.4432577,9.3522175,4.5846184,5.0
24.4732495,9.339342,4.5575314,5.0
24.5032412,9.3263379,4.5305059,5.0
24.5332329,9.3132063,4.5035421,5.0
24.5632247,9.2999482,4.4766401,5.0
24.5932164,9.2865646,4.4498002,5.0
24.6232081,9.2730566,4.4230227,5.0
24.6531998,9.2594253,4.3963077,5.0
24.6831916,9.2456716,4.3696555,5.0
24.7131833,9.2317965,4.3430661,5.0
24.743175,9.2178012,4.3165398,5.0
24.7731667,9.2036866,4.2900767,5.0
24.8031585,9.1894538,4.2636769,5.0
24.8331502,9.1751037,4.2373406,5.0
24.8631419,9.1606376,4.2110679,5.0
24.8931337,9.1460563,4.1848588,5.0
24.9231254,9.1313609,4.1587134,5.0
24.9531171,9.1165526,4.1326318,5.0
24.9831088,9.1016324,4.106614,5.0
25.0131006,9.0866013,4.08066,5.0
25.0430923,9.0714604,4.0547698,5.0
25.073084,9.0562116,4.0289446,5.0
25.1030757,9.0408553,4.0031833,5.0
25.1330675,9.0253925,3.9774858,5.0
25.1630592,9.0098244,3.9518518,5.0
25.1930509,8.9941521,3.9262814,5.0
25.2230427,8.9783766,3.9007743,5.0
25.2530344,8.9624991,3.8753305,5.0
25.2830261,8.9465208,3.8499499,5.0
25.3130178,8.9304428,3.8246322,5.0
25.3430096,8.9142661,3.7993772,5.0
25.3730013,8.8979921,3.7741848,5.0
25.402993,8.8816219,3.7490547,5.0
25.4329847,8.8651566,3.7239866,5.0
25.4629765,8.8485973,3.6989805,5.0
25.4929682,8.8319454,3.6740358,5.0
25.5229599,8.815202,3.6491525,5.0
25.5529517,8.7983683,3.62433,5.0
25.5829434,8.7814454,3.5995682,5.0
25.6129351,8.7644346,3.5748667,5.0
25.6429268,8.7473371,3.5502251,5.0
25.6729186,8.7301542,3.525643,5.0
25.7029103,8.7128869,3.50112,5.0
25.732902,8.6955367,3.4766558,5.0
25.7628937,8.6781048,3.4522503,5.0
25.7928855,8.6605926,3.4279027,5.0
25.8228772,8.6430008,3.4036123,5.0
25.8528689,8.6253308,3.3793787,5.0
25.8828607,8.6075837,3.3552013,5.0
25.9128524,8.5897609,3.3310796,5.0
25.9428441,8.5718636,3.3070131,5.0
25.9728358,8.5538929,3.2830012,5.0
26.0028276,8.5358501,3.2590434,5.0
26.0328193,8.5177365,3.2351391,5.0
26.062811,8.4995533,3.2112877,5.0
26.0928027,8.4813018,3.1874887,5.0
26.1227945,8.462983,3.1637413,5.0
26.1527862,8.4445984,3.140045,5.0
26.1827779,8.4261491,3.1163992,5.0
26.2127697,8.4076363,3.0928031,5.0
26.2427614,8.3890612,3.0692561,5.0
26.2727531,8.3704251,3.0457576,5.0
26.3027448,8.351729,3.0223066,5.0
26.3327366,8.3329739,2.998902,5.0
26.3627283,8.3141611,2.9755436,5.0
26.39272,8.2952921,2.9522307,5.0
26.4227117,8.2763678,2.9289626,5.0
26.4527035,8.2573896,2.9057384,5.0
26.4826952,8.2383586,2.8825576,5.0
26.5126869,8.219276,2.8594193,5.0
26.5426787,8.2001429,2.8363228,5.0
26.5726704,8.1809604,2.8132673,5.0
26.6026621,8.1617298,2.790252,5.0
26.6326538,8.1424521,2.7672763,5.0
26.6626456,8.1231284,2.7443393,5.0
26.6926373,8.1037599,2.7214403,5.0
26.722629,8.0843477,2.6985785,5.0
26.7526207,8.0648927,2.6757531,5.0
26.7826125,8.0453962,2.6529634,5.0
26.8126042,8.0258591,2.6302085,5.0
26.8425959,8.0062824,2.6074878,5.0
26.8725877,7.9866672,2.5848004,5.0
26.9025794,7.9670145,2.5621455,5.0
26.9325711,7.9473253,2.5395226,5.0
26.9625628,7.9276005,2.5169307,5.0
26.9925546,7.907841,2.4943691,4.98658
27.0225463,7.8880471,2.4718364,4.9713654
27.052538,7.8682202,2.4493322,4.9560132
27.0825297,7.8483613,2.4268563,4.9405245
27.1125215,7.8284714,2.4044079,4.9249005
27.1425132,7.8085513,2.3819864,4.9091424
27.1725049,7.7886018,2.359591,4.8932514
27.2024967,7.7686238,2.3372213,4.8772289
27.2324884,7.7486179,2.3148764,4.8610763
27.2624801,7.7285849,2.2925559,4.8447951
27.2924718,7.7085256,2.2702592,4.8283869
27.3224636,7.6884406,2.2479857,4.8118534
27.3524553,7.6683306,2.2257348,4.7951963
27.382447,7.6481962,2.2035061,4.7784175
27.4124387,7.628038,2.181299,4.7615187
27.4424305,7.6078565,2.1591132,4.7445021
27.4724222,7.5876522,2.1369481,4.7273697
27.5024139,7.5674258,2.1148035,4.7101235
27.5324057,7.5471775,2.0926789,4.6927658
27.5623974,7.5269079,2.070574,4.6752988
27.5923891,7.5066173,2.0484885,4.6577248
27.6223808,7.486306,2.0264221,4.6400462
27.6523726,7.4659743,2.0043747,4.6222655
27.6823643,7.4456225,1.982346,4.604385
27.712356,7.4252509,1.960336,4.5864074
27.7423477,7.4048595,1.9383445,4.568335
27.7723395,7.3844472,1.91637,4.5501705
27.8023312,7.3640148,1.8944133,4.5319165
27.8323229,7.3435626,1.872475,4.5136382
27.8623147,7.3230894,1.8505562,4.495534
27.8923064,7.3025933,1.8286609,4.4776487
27.9222981,7.2820715,1.8067934,4.4597742
27.9522898,7.26152,1.7849518,4.4418279
27.9822816,7.24094,1.7631351,4.4236639
28.0122733,7.2203339,1.7413441,4.4053547
28.042265,7.1997021,1.7195771,4.3868685
28.0722567,7.1790459,1.6978334,4.3682067
28.1022485,7.1583662,1.6761118,4.3493605
28.1322402,7.1376645,1.6544113,4.3303252
28.1622319,7.1169418,1.6327306,4.3110959
28.1922237,7.0961995,1.6110686,4.2916685
28.2222154,7.0754389,1.5894239,4.2720394
28.2522071,7.0546614,1.5677953,4.2522057
28.2821988,7.0338682,1.5461815,4.2321648
28.3121906,7.0130608,1.5245812,4.2119149
28.3421823,6.9922405,1.5029932,4.1914542
28.372174,6.9714088,1.481416,4.1707816
28.4021657,6.950567,1.4598484,4.1498963
28.4321575,6.9297165,1.4382891,4.1287976
28.4621492,6.9088591,1.4167373,4.1074854
28.4921409,6.8879964,1.395192,4.0859594
28.5221327,6.8671289,1.3736511,4.06422
28.5521244,6.8462581,1.3521136,4.0422673
28.5821161,6.825385,1.330578,4.0201019
28.6121078,6.804511,1.3090434,3.9977243
28.6420996,6.7836372,1.2875084,3.975254
28.6720913,6.7627648,1.2659721,3.9527332
28.702083,6.7418948,1.2444332,3.9301565
28.7320747,6.7210285,1.2228908,3.9075185
28.7620665,6.7001668,1.2013439,3.8848135
28.7920582,6.6793106,1.1797915,3.8620358
28.8220499,6.6584611,1.1582326,3.8391794
28.8520417,6.637619,1.1366665,3.8162382
28.8820334,6.6167853,1.1150922,3.793206
28.9120251,6.5959607,1.093509,3.7700765
28.9420168,6.575146,1.0719162,3.7468431
28.9720086,6.554342,1.050313,3.7234993
29.0020003,6.5335493,1.0286989,3.7000381
29.031992,6.5127684,1.0070731,3.6764527
29.0619837,6.4919999,0.9854354,3.6527359
29.0919755,6.4712443,0.963785,3.6288805
29.1219672,6.4505021,0.9421216,3.604879
29.1519589,6.4297735,0.9204449,3.5807238
29.1819507,6.4090588,0.8987546,3.5564071
29.2119424,6.3883582,0.8770503,3.531923
29.2419341,6.367672,0.8553319,3.5072659
29.2719258,6.3470023,0.8336017,3.4824275
29.3019176,6.3263481,0.8118583,3.4573993
29.3319093,6.3057085,0.790101,3.4321725
29.361901,6.2850834,0.7683301,3.4067381
29.3918927,6.2644726,0.7465455,3.3810872
29.4218845,6.2438758,0.7247476,3.3552103
29.4518762,6.2232925,0.7029366,3.3290979
29.4818679,6.2027223,0.6811128,3.3027405
29.5118597,6.1821645,0.6592768,3.276128
29.5418514,6.1616184,0.6374289,3.2492503
29.5718431,6.1410833,0.6155696,3.2220971
29.6018348,6.1205582,0.5936997,3.1946579
29.6318266,6.1000422,0.5718197,3.1669218
29.6618183,6.0795341,0.5499303,3.138878
29.69181,6.0590327,0.5280324,3.1105151
29.7218017,6.03854,0.5061304,3.0818218
29.7517935,6.0180592,0.48423,3.052786
29.7817852,5.9975819,0.462325,3.0233952
29.8117769,5.9771064,0.4404164,2.9936372
29.8417687,5.956631,0.4185052,2.9634991
29.8717604,5.9361539,0.3965927,2.9330778
29.9017521,5.9156732,0.37468,2.9024233
29.9317438,5.8951866,0.3527685,2.8715285
29.9617356,5.8746921,0.3308593,2.8403855
29.9917273,5.8541954,0.3089625,2.8089862
30.021719,5.8336976,0.2870832,2.777322
30.0517107,5.8131862,0.2652122,2.7453826
30.0817025,5.7926586,0.243351,2.713157
30.1116942,5.7721121,0.2215012,2.6806333
30.1416859,5.7515439,0.1996643,2.6477983
30.1716777,5.7309511,0.1778421,2.6146375
30.2016694,5.7103473,0.1560539,2.5811389
30.2316611,5.689724,0.1342955,2.5472801
30.2616528,5.6690691,0.1125592,2.5130558
30.2916446,5.6483783,0.0908461,2.4784317
30.3216363,5.6276475,0.069157,2.4433507
30.351628,5.6068785,0.0474971,2.4077587
30.3816197,5.5860936,0.0258915,2.3716255
30.4116115,5.5652673,0.004315,2.3349149
30.4416032,5.5443995,-0.0172311,2.2976007
30.4715949,5.5234922,-0.0387433,2.2596448
30.5015867,5.5025479,-0.0602188,2.2210019
30.5315784,5.4815712,-0.0816526,2.1816214
30.5615701,5.4605555,-0.1030527,2.1414445
30.5915618,5.4395018,-0.1244183,2.1007213
30.6215536,5.4184027,-0.1457375,2.0606591
30.6515453,5.3972175,-0.1669616,2.0231284
30.681537,5.3758435,-0.1880088,1.9885604
30.7115287,5.3541796,-0.2087675,1.9567605
30.7415205,5.3321369,-0.2291155,1.9275648
30.7715122,5.309631,-0.2489347,1.9008122
30.8015039,5.2865868,-0.2681074,1.8763302
30.8314957,5.2629264,-0.2865277,1.8538843
30.8614874,5.2385921,-0.3040826,1.8331709
30.8914791,5.2135789,-0.3206374,1.813897
30.9214708,5.1878755,-0.3360822,1.7957244
30.9514626,5.1614889,-0.3503164,1.7782739
30.9814543,5.1344444,-0.3632511,1.7611366
31.011446,5.1067829,-0.3748127,1.7438794
31.0414377,5.0785498,-0.384947,1.7264668
31.0714295,5.0498333,-0.3936066,1.7084677
31.1014212,5.0207081,-0.4007707,1.6895089
31.1314129,4.9912541,-0.4064341,1.6692606
31.1614047,4.9615538,-0.4106052,1.6474456
31.1913964,4.9316896,-0.4133034,1.6238444
31.2213881,4.9017415,-0.4145559,1.5982944
31.2513798,4.8717483,-0.4143936,1.5706875
31.2813716,4.8417699,-0.4128434,1.5409405
31.3113633,4.8118911,-0.4099315,1.5090275
31.341355,4.782175,-0.405678,1.474981
31.3713467,4.752685,-0.4000937,1.4388764
31.4013385,4.7234918,-0.3931763,1.4008401
31.4313302,4.6946874,-0.3849105,1.3610665
31.4613219,4.6664157,-0.3752743,1.3201871
31.4913137,4.6383646,-0.3640238,1.2787147
31.5213054,4.6112735,-0.3512928,1.2359863
31.5512971,4.5848997,-0.3369082,1.1925721
31.5812888,4.5589298,-0.3222434,1.1925721
31.6112806,4.5312019,-0.3114093,1.1925721
31.6412723,4.5023335,-0.302928,1.2281291
31.671264,4.4742633,-0.2924588,1.2607796
31.7012557,4.4473704,-0.2795155,1.2870183
31.7312475,4.4214611,-0.2643301,1.316494
31.7612392,4.3967936,-0.2473702,1.3482503
31.7912309,4.3731938,-0.2287647,1.3810492
31.8212227,4.3507528,-0.2087486,1.4138961
31.8512144,4.32957,-0.1875442,1.4461208
31.8812061,4.3095976,-0.1651963,1.4772953
31.9111978,4.2908641,-0.1417799,1.5071014
31.9411896,4.273424,-0.1173766,1.5353123
31.9711813,4.2573361,-0.092059,1.5617767
32.001173,4.2426636,-0.0658958,1.5864036
32.0311647,4.229473,-0.0389564,1.6091565
32.0611565,4.2178319,-0.011314,1.6300523
32.0911482,4.2078063,0.0169525,1.6491635
32.1211399,4.199457,0.0457568,1.6666212
32.1511317,4.1928356,0.0750052,1.682616
32.1811234,4.187981,0.1045971,1.6973971
32.2111151,4.1849154,0.1344268,1.7112655
32.2411068,4.1836418,0.1643865,1.7245629
32.2710986,4.1841415,0.1943692,1.7376554
32.3010903,4.1863741,0.2242737,1.7509147
32.331082,4.1902783,0.254007,1.7646989
32.3610737,4.195774,0.2834889,1.7793359
32.3910655,4.2027652,0.3126533,1.7951128
32.4210572,4.2111432,0.341448,1.8122646
32.4510489,4.2207917,0.3698419,1.8310159
32.4810407,4.2315977,0.3978189,1.8513597
32.5110324,4.2434564,0.4253648,1.8729712
32.5410241,4.2562664,0.4524812,1.895946
32.5710158,4.2699269,0.4791802,1.9203439
32.6010076,4.2843378,0.5054824,1.9462425
32.6309993,4.2993997,0.5314181,1.9737402
32.660991,4.3150136,0.5570257,2.0029526
32.6909827,4.3310804,0.582352,2.0340196
32.7209745,4.3475017,0.6074498,2.0670612
32.7509662,4.3641833,0.6323751,2.1020637
32.7809579,4.3810348,0.6571852,2.1390469
32.8109497,4.3979715,0.6819358,2.1777606
32.8409414,4.414942,0.7066622,2.2157457
32.8709331,4.431936,0.7313727,2.2530398
32.9009248,4.4489541,0.756067,2.2896777
32.9309166,4.4659978,0.7807441,2.3256914
32.9609083,4.4830686,0.805403,2.36111
32.9909,4.500168,0.8300425,2.3959608
33.0208918,4.5172975,0.8546617,2.4302688
33.0508835,4.5344585,0.8792596,2.4640575
33.0808752,4.551652,0.9038352,2.4973485
33.1108669,4.5688775,0.9283853,2.530162
33.1408587,4.586137,0.9529111,2.562517
33.1708504,4.6034314,0.9774124,2.5944311
33.2008421,4.620761,1.0018888,2.625921
33.2308338,4.6381261,1.0263403,2.6570021
33.2608256,4.6555265,1.050767,2.6876891
33.2908173,4.6729618,1.075169,2.7179959
33.320809,4.6904314,1.099547,2.7479353
33.3508008,4.7079345,1.1239015,2.7775197
33.3807925,4.7254697,1.1482333,2.8067607
33.4107842,4.7430356,1.1725435,2.8356692
33.4407759,4.7606305,1.1968333,2.8642558
33.4707677,4.7782524,1.2211041,2.8925301
33.5007594,4.7958991,1.2453573,2.9205018
33.5307511,4.8135684,1.2695946,2.9481796
33.5607428,4.8312575,1.2938156,2.975572
33.5907346,4.8489634,1.3180202,3.0026873
33.6207263,4.8666867,1.3422129,3.029533
33.650718,4.884425,1.3663953,3.0561165
33.6807098,4.902176,1.3905691,3.082445
33.7107015,4.9199373,1.4147361,3.108525
33.7406932,4.9377059,1.4388982,3.1343631
33.7706849,4.955479,1.4630575,3.1599654
33.8006767,4.9732536,1.4872162,3.1853379
33.8306684,4.9910263,1.5113764,3.2104861
33.8606601,5.0087937,1.5355405,3.2354155
33.8906518,5.0265526,1.5597108,3.2601314
33.9206436,5.0442994,1.5838871,3.2846388
33.9506353,5.0620366,1.6080713,3.3089424
33.980627,5.0797658,1.632262,3.3330469
34.0106188,5.097489,1.6564576,3.3569569
34.0406105,5.1152078,1.6806566,3.3806765
34.0706022,5.1329242,1.7048574,3.40421
34.1005939,5.1506398,1.7290587,3.4275613
34.1305857,5.1683571,1.7532583,3.4507343
34.1605774,5.186079,1.7774538,3.4737327
34.1905691,5.2038087,1.8016427,3.4965601
34.2205608,5.2215506,1.8258241,3.51922
34.2505526,5.2393084,1.8499959,3.5417157
34.2805443,5.2570844,1.8741543,3.5640505
34.310536,5.274882,1.8982968,3.5862275
34.3405278,5.2927044,1.9224205,3.6082498
34.3705195,5.310555,1.9465229,3.6301203
34.4005112,5.3284373,1.970601,3.6518419
34.4305029,5.3463548,1.9946522,3.6734173
34.4604947,5.364311,2.0186736,3.6948492
34.4904864,5.3823096,2.0426622,3.7161402
34.5204781,5.4003545,2.066615,3.7372928
34.5504698,5.4184495,2.0905289,3.7582874
34.5804616,5.4366022,2.1144054,3.7788871
34.6104533,5.4548146,2.1382384,3.7990855
34.640445,5.4730898,2.1620228,3.8188755
34.6704368,5.4914321,2.1857549,3.8382491
34.7004285,5.509846,2.209431,3.8571982
34.7304202,5.528336,2.233047,3.8757136
34.7604119,5.5469069,2.2565989,3.893786
34.7904037,5.5655638,2.2800823,3.9114053
34.8203954,5.5843114,2.3034926,3.9285619
34.8503871,5.6031554,2.3268257,3.9452442
34.8803788,5.6221003,2.3500757,3.9614458
34.9103706,5.6411492,2.3732344,3.9771392
34.9403623,5.660308,2.3963021,3.9924798
34.970354,5.6795772,2.4192831,4.0078328
35.0003458,5.698951,2.442177,4.0233055
35.0303375,5.7184253,2.4649849,4.038852
35.0603292,5.7379969,2.4877096,4.0545072
35.0903209,5.7576623,2.5103533,4.0702655
35.1203127,5.7774178,2.5329185,4.0861379
35.1503044,5.7972599,2.5554077,4.1021278
35.1802961,5.8171849,2.5778236,4.1182404
35.2102878,5.8371893,2.6001688,4.1344794
35.2402796,5.8572693,2.622446,4.1508483
35.2702713,5.8774215,2.6446581,4.1673497
35.300263,5.8976423,2.6668079,4.1839858
35.3302548,5.917928,2.6888982,4.2007583
35.3602465,5.9382753,2.710932,4.2176684
35.3902382,5.9586806,2.732912,4.2347169
35.4202299,5.9791405,2.7548413,4.2519042
35.4502217,5.9996517,2.7767227,4.2692303
35.4802134,6.0202108,2.7985591,4.2866951
35.5102051,6.0408145,2.8203535,4.3042981
35.5401968,6.0614595,2.8421087,4.3220385
35.5701886,6.0821428,2.8638275,4.3398205
35.6001803,6.1028611,2.8855128,4.3575178
35.630172,6.1236114,2.9071674,4.3751312
35.6601638,6.1443907,2.9287943,4.3926621
35.6901555,6.165196,2.950396,4.4101113
35.7201472,6.1860245,2.9719755,4.42748
35.7501389,6.2068733,2.9935355,4.444769
35.7801307,6.2277395,3.0150785,4.4619795
35.8101224,6.2486204,3.0366074,4.4791123
35.8401141,6.2695133,3.0581248,4.4961683
35.8701058,6.2904153,3.0796332,4.5131486
35.9000976,6.311324,3.1011352,4.530054
35.9300893,6.3322365,3.1226335,4.5468854
35.960081,6.3531504,3.1441305,4.5636437
35.9900728,6.3740631,3.1656288,4.5803296
36.0200645,6.3949719,3.1871309,4.5969442
36.0500562,6.4158743,3.2086392,4.613488
36.0800479,6.4367678,3.2301562,4.6299621
36.1100397,6.4576498,3.2516844,4.6463671
36.1400314,6.4785178,3.2732261,4.6627038
36.1700231,6.4993693,3.2947839,4.6649633
36.2000148,6.5202017,3.3163601,4.6474176
36.2300066,6.5410124,3.3379572,4.6300011
36.2599983,6.5617989,3.3595776,4.6127132
36.28999,6.5825586,3.3812238,4.595554
36.3199818,6.6032888,3.4028982,4.5785239
36.3499735,6.623987,3.4246032,4.5616235
36.3799652,6.6446503,3.4463413,4.5448538
36.4099569,6.6652762,3.4681151,4.5282163
36.4399487,6.6858617,3.4899269,4.5117127
36.4699404,6.706404,3.5117794,4.4953451
36.4999321,6.7269002,3.533675,4.4791159
36.5299238,6.7473475,3.5556165,4.4630278
36.5599156,6.7677426,3.5776063,4.4470839
36.5899073,6.7880826,3.5996472,4.4312876
36.619899,6.8083642,3.6217418,4.4156426
36.6498908,6.8285842,3.6438928,4.4001528
36.6798825,6.8487391,3.666103,4.3848224
36.7098742,6.8688255,3.6883751,4.3696559
36.7398659,6.8888397,3.7107121,4.3546579
36.7698577,6.9087782,3.7331167,4.3398334
36.7998494,6.9286372,3.7555918,4.3251873
36.8298411,6.9484125,3.7781405,4.3107248
36.8598328,6.9681004,3.8007655,4.2964511
36.8898246,6.9876965,3.82347,4.2823715
36.9198163,7.0071966,3.846257,4.2684913
36.949808,7.0265963,3.8691295,4.2548155
36.9797998,7.045891,3.8920906,4.2413492
37.0097915,7.065076,3.9151433,4.2280972
37.0397832,7.0841465,3.9382907,4.2150642
37.0697749,7.1030976,3.961536,4.202254
37.0997667,7.1219242,3.984882,4.1896713
37.1297584,7.1406211,4.0083321,4.1773159
37.1597501,7.1591829,4.0318888,4.1652018
37.1897418,7.1776047,4.0555559,4.1532905
37.2197336,7.1958796,4.0793341,4.1417227
37.2497253,7.2140013,4.103227,4.1301565
37.279717,7.2319702,4.1272385,4.1185593
37.3097088,7.2497879,4.1513639,4.1066325
37.3397005,7.2674568,4.1755983,4.0943616
37.3696922,7.2849804,4.1999383,4.0817399
37.3996839,7.3023621,4.2243799,4.0687629
37.4296757,7.3196052,4.2489196,4.0554267
37.4596674,7.3367134,4.2735536,4.041729
37.4896591,7.3536903,4.2982783,4.0276683
37.5196508,7.3705394,4.3230903,4.013244
37.5496426,7.3872644,4.347986,3.9984563
37.5796343,7.4038691,4.3729623,3.9833062
37.609626,7.4203567,4.3980153,3.9677951
37.6396178,7.4367311,4.4231422,3.9519249
37.6696095,7.4529961,4.4483403,3.9356979
37.6996012,7.4691552,4.4736064,3.9191165
37.7295929,7.485212,4.4989378,3.9021835
37.7595847,7.50117,4.5243317,3.8849017
37.7895764,7.5170327,4.5497853,3.8672739
37.8195681,7.5328034,4.5752961,3.8493032
37.8495598,7.5484855,4.6008616,3.8309924
37.8795516,7.564082,4.6264788,3.8123443
37.9095433,7.5795963,4.6521455,3.7933616
37.939535,7.5950316,4.6778597,3.774047
37.9695268,7.6103912,4.7036192,3.7544029
37.9995185,7.625678,4.7294219,3.7344317
38.0295102,7.6408951,4.7552657,3.7141353
38.0595019,7.6560456,4.7811487,3.6935158
38.0894937,7.6711322,4.8070689,3.6725749
38.1194854,7.6861578,4.8330246,3.6513141
38.1494771,7.7011252,4.8590138,3.6297348
38.1794688,7.7160373,4.8850349,3.607838
38.2094606,7.7308966,4.9110862,3.5856247
38.2394523,7.7457059,4.9371661,3.5630957
38.269444,7.7604676,4.9632729,3.5402514
38.2994358,7.7751844,4.9894052,3.5170922
38.3294275,7.7898587,5.0155615,3.4936182
38.3594192,7.804493,5.0417403,3.4698295
38.3894109,7.8190896,5.0679404,3.4457258
38.4194027,7.8336509,5.0941602,3.4213067
38.4493944,7.8481791,5.1203986,3.3965718
38.4793861,7.8626764,5.1466543,3.3715202
38.5093778,7.8771451,5.1729261,3.3461511
38.5393696,7.8915872,5.1992128,3.3204635
38.5693613,7.9060048,5.2255134,3.2944561
38.599353,7.9203999,5.2518268,3.2681276
38.6293448,7.9347743,5.278152,3.2414764
38.6593365,7.9491278,5.3044841,3.214501
38.6893282,7.9634635,5.3308251,3.1872074
38.7193199,7.9777826,5.3571753,3.1596238
38.7493117,7.9920858,5.3835344,3.1317564
38.7793034,8.0063738,5.4099021,3.1036034
38.8092951,8.0206468,5.4362784,3.0751617
38.8392868,8.0349052,5.4626632,3.046428
38.8692786,8.0491494,5.4890564,3.0173986
38.8992703,8.0633795,5.5154581,2.9880695
38.929262,8.0775956,5.5418684,2.9584363
38.9592538,8.0917977,5.5682876,2.9284941
38.9892455,8.1059857,5.5947159,2.8982377
39.0192372,8.1201571,5.6211493,2.8676647
39.0492289,8.1343098,5.6475857,2.8368443
39.0792207,8.1484444,5.6740328,2.8060327
39.1092124,8.1625527,5.7004953,2.7753212
39.1392041,8.1766231,5.7269795,2.744768
39.1691958,8.1906423,5.7534928,2.7145508
39.1991876,8.2045917,5.7800453,2.6848505
39.2291793,8.2184476,5.8066493,2.6557013
39.259171,8.2321846,5.8333175,2.6270863
39.2891628,8.2457731,5.860055,2.5989909
39.3191545,8.2591863,5.8868719,2.5714027
39.3491462,8.2724022,5.9137893,2.5443084
39.3791379,8.285394,5.9408184,2.5176956
39.4091297,8.2981342,5.9679701,2.4915533
39.4391214,8.3105945,5.9952546,2.4658715
39.4691131,8.3227464,6.0226814,2.4406413
39.4991048,8.3345586,6.0502549,2.4158559
39.5290966,8.3459958,6.07797,2.3915134
39.5590883,8.3570342,6.1058498,2.3676072
39.58908,8.3676421,6.1338999,2.3441328
39.6190718,8.3777869,6.162125,2.3210823
39.6490635,8.3874353,6.1905282,2.298452
39.6790552,8.3965532,6.2191119,2.2762386
39.7090469,8.4050977,6.2478483,2.2543907
39.7390387,8.4130432,6.2767603,2.2328098
39.7690304,8.4203583,6.305846,2.2114414
39.7990221,8.4270114,6.335095,2.1902305
39.8290138,8.4329727,6.3644957,2.1691119
39.8590056,8.4382131,6.3940285,2.1480145
39.8889973,8.4427072,6.4236752,2.1268505
39.918989,8.4464335,6.453433,2.105546
39.9489808,8.4493706,6.4832822,2.0840257
39.9789725,8.4514996,6.5132012,2.0622823
40.0089642,8.4528043,6.5431664,2.0402417
40.0389559,8.4532715,6.5731526,2.0178264
40.0689477,8.4528905,6.6031432,1.9949291
40.0989394,8.4516533,6.6331116,1.9714713
40.1289311,8.4495546,6.6630302,1.9473757
40.1589228,8.4465917,6.6928698,1.9225669
40.1889146,8.442762,6.7226211,1.8969721
40.2189063,8.4380667,6.7522522,1.8704931
40.248898,8.4325094,6.7817316,1.8430549
40.2788898,8.4260954,6.8110297,1.8145899
40.3088815,8.4188316,6.8401166,1.7850325
40.3388732,8.4107207,6.8689817,1.7543185
40.3688649,8.4017588,6.8976296,1.7223763
40.3988567,8.3919618,6.9259986,1.6891257
40.4288484,8.3813369,6.9540599,1.6545037
40.4588401,8.3698901,6.9817851,1.618446
40.4888318,8.3576258,7.0091458,1.5808861
40.5188236,8.3445454,7.0361141,1.5417542
40.5488153,8.3306461,7.0626621,1.5009766
40.578807,8.3159196,7.0887613,1.4584746
40.6087988,8.3003445,7.1143906,1.4141639
40.6387905,8.283917,7.1394825,1.3679529
40.6687822,8.2665889,7.1640175,1.3197492
40.6987739,8.2483357,7.1879113,1.2694502
40.7287657,8.2291387,7.2110462,1.2170043
40.7587574,8.209024,7.2332295,1.162419
40.7887491,8.1878139,7.2544542,1.1052128
40.8187408,8.1656419,7.2743894,1.0449563
40.8487326,8.1421915,7.2933399,0.979793
40.8787243,8.1192818,7.3123994,0.979793
40.908716,8.1001817,7.3353979,0.979793
40.9387078,8.0825706,7.3595394,1.051243
40.9686995,8.0641127,7.3831664,1.1191847
40.9986912,8.0444026,7.4059831,1.1766603
41.0286829,8.0238536,7.427591,1.2303032
41.0586747,8.002202,7.4484541,1.2818188
41.0886664,7.9797288,7.4684428,1.3315752
41.1186581,7.9566598,7.4874997,1.3797109
41.1486498,7.9329218,7.5057956,1.4263066
41.1786416,7.9085983,7.5233415,1.471393
41.2086333,7.883751,7.5401529,1.5150045
41.238625,7.8584268,7.5562454,1.5571781
41.2686168,7.8326636,7.5716317,1.5979526
41.2986085,7.8064936,7.586321,1.6373664
41.3286002,7.7799449,7.600319,1.6754571
41.3585919,7.7530437,7.6136285,1.7122607
41.3885837,7.7258413,7.6262371,1.7478115
41.4185754,7.6983332,7.6381569,1.7821508
41.4485671,7.6705271,7.6493895,1.8153138
41.4785588,7.6424437,7.659929,1.8473312
41.5085506,7.6141036,7.6697683,1.8782327
41.5385423,7.5855274,7.6788995,1.908048
41.568534,7.5567352,7.6873145,1.9368065
41.5985258,7.5277469,7.6950051,1.9645388
41.6285175,7.4985711,7.7019656,1.9912764
41.6585092,7.4692254,7.7081877,2.0170677
41.6885009,7.4397311,7.7136628,2.0419491
41.7184927,7.4101086,7.718383,2.065954
41.7484844,7.3803788,7.7223415,2.0891302
41.7784761,7.3505611,7.7255324,2.1115058
41.8084678,7.320677,7.7279515,2.1331395
41.8384596,7.2907432,7.7295958,2.1541306
41.8684513,7.2607557,7.7304554,2.1741814
41.898443,7.2307613,7.7305264,2.1935715
41.9284348,7.2007763,7.7298225,2.2128453
41.9584265,7.1708209,7.728361,2.2320374
41.9884182,7.140912,7.7261597,2.251175
42.0184099,7.1110655,7.7232376,2.2702974
42.0484017,7.0812964,7.7196146,2.2894364
42.0783934,7.0516181,7.7153112,2.3086208
42.1083851,7.0220428,7.7103485,2.3278766
42.1383768,6.9925815,7.7047484,2.3472268
42.1683686,6.9632437,7.6985326,2.3666918
42.1983603,6.9340362,7.6917231,2.3862901
42.228352,6.9049659,7.6843421,2.4060376
42.2583438,6.876041,7.6764125,2.4259487
42.2883355,6.8472658,7.6679567,2.4460366
42.3183272,6.8186439,7.6589969,2.4663133
42.3483189,6.7901775,7.6495551,2.4867898
42.3783107,6.761868,7.6396532,2.5074761
42.4083024,6.7337157,7.6293127,2.5283818
42.4382941,6.7057202,7.6185551,2.5495161
42.4682858,6.6778803,7.6074012,2.5708876
42.4982776,6.6501937,7.595872,2.592505
42.5282693,6.6226576,7.5839877,2.6143769
42.558261,6.5952686,7.5717686,2.6365122
42.5882528,6.5680223,7.5592344,2.6589196
42.6182445,6.540914,7.5464047,2.6816085
42.6482362,6.5139383,7.5332987,2.7045884
42.6782279,6.4870881,7.5199344,2.7278693
42.7082197,6.4603598,7.5063282,2.7513814
42.7382114,6.433751,7.4924898,2.7748311
42.7682031,6.4072611,7.4784255,2.7981358
42.7981948,6.3808892,7.4641414,2.8212942
42.8281866,6.3546344,7.4496431,2.844315
42.8581783,6.3284959,7.4349365,2.8672064
42.88817,6.3024726,7.4200272,2.8899767
42.9181618,6.2765633,7.4049207,2.9126336
42.9481535,6.2507667,7.3896227,2.935185
42.9781452,6.2250815,7.3741385,2.9576383
43.0081369,6.1995061,7.3584735,2.980001
43.0381287,6.1740391,7.3426332,3.0022803
43.0681204,6.1486787,7.3266227,3.0244833
43.0981121,6.1234233,7.3104473,3.0466171
43.1281038,6.0982708,7.2941122,3.0686885
43.1580956,6.0732195,7.2776225,3.0907043
43.1880873,6.0482673,7.2609832,3.1126713
43.218079,6.0234119,7.2441994,3.134596
43.2480708,5.9986508,7.2272757,3.156485
43.2780625,5.9739823,7.2102174,3.1783448
43.3080542,5.9494039,7.1930296,3.2001819
43.3380459,5.9249133,7.175717,3.2220026
43.3680377,5.9005079,7.1582846,3.2438134
43.3980294,5.8761852,7.1407371,3.2656204
43.4280211,5.8519425,7.1230793,3.28743
43.4580128,5.8277772,7.1053157,3.3092375
43.4880046,5.8036874,7.0874501,3.3310026
43.5179963,5.7796714,7.0694854,3.3526987
43.547988,5.7557276,7.0514245,3.3743245
43.5779798,5.7318546,7.0332704,3.3958852
43.6079715,5.7080506,7.0150257,3.4173856
43.6379632,5.6843141,6.9966934,3.4388309
43.6679549,5.6606433,6.9782764,3.4602259
43.6979467,5.6370366,6.9597772,3.4815712
43.7279384,5.6134927,6.9411983,3.5028478
43.7579301,5.5900106,6.9225412,3.5240201
43.7879218,5.5665897,6.9038074,3.545082
43.8179136,5.5432293,6.8849983,3.5660374
43.8479053,5.5199285,6.8661153,3.58689
43.877897,5.4966866,6.8471597,3.6076436
43.9078888,5.4735028,6.8281331,3.6283016
43.9378805,5.4503764,6.8090367,3.6488677
43.9678722,5.4273064,6.789872,3.6693455
43.9978639,5.4042923,6.7706405,3.6897382
44.0278557,5.381333,6.7513435,3.7100494
44.0578474,5.3584277,6.7319824,3.7302824
44.0878391,5.3355756,6.7125587,3.7504405
44.1178308,5.3127758,6.6930736,3.770527
44.1478226,5.2900273,6.6735287,3.790545
44.1778143,5.2673292,6.6539252,3.8104978
44.207806,5.2446806,6.6342646,3.8303885
44.2377978,5.2220804,6.6145482,3.8502202
44.2677895,5.1995278,6.5947776,3.8699959
44.2977812,5.1770217,6.574954,3.8897188
44.3277729,5.1545611,6.5550788,3.9093918
44.3577647,5.132145,6.5351535,3.9290178
44.3877564,5.1097723,6.5151794,3.9485999
44.4177481,5.0874419,6.495158,3.9681408
44.4477398,5.0651528,6.4750906,3.9876436
44.4777316,5.0429039,6.4549787,4.007111
44.5077233,5.020694,6.4348236,4.0265187
44.537715,4.998522,6.4146268,4.0458189
44.5677068,4.9763868,6.3943897,4.0650133
44.5976985,4.9542872,6.3741137,4.0841033
44.6276902,4.932222,6.3538002,4.1030906
44.6576819,4.9101902,6.3334508,4.1219766
44.6876737,4.8881904,6.3130668,4.1407628
44.7176654,4.8662215,6.2926496,4.1594505
44.7476571,4.8442821,6.2722006,4.1780413
44.7776488,4.822371,6.2517213,4.1965365
44.8076406,4.8004871,6.2312129,4.2149373
44.8376323,4.7786292,6.2106769,4.2332451
44.867624,4.7567959,6.1901147,4.2514612
44.8976158,4.734986,6.1695275,4.2695867
44.9276075,4.7131984,6.1489169,4.287623
44.9575992,4.6914316,6.1282842,4.3055711
44.9875909,4.6696847,6.1076306,4.3234323
45.0175827,4.6479569,6.0869567,4.3412076
45.0475744,4.6262485,6.0662625,4.3588982
45.0775661,4.6045594,6.045548,4.3765052
45.1075578,4.58289,6.024813,4.3940296
45.1375496,4.5612402,6.0040574,4.4114725
45.1675413,4.5396102,5.9832811,4.4288349
45.197533,4.5180002,5.962484,4.4461178
45.2275248,4.4964104,5.9416661,4.4633221
45.2575165,4.4748407,5.9208271,4.4804489
45.2875082,4.4532914,5.8999671,4.497499
45.3174999,4.4317626,5.8790859,4.5144734
45.3474917,4.4102545,5.8581837,4.531373
45.3774834,4.3887672,5.8372603,4.5481986
45.4074751,4.3673006,5.8163155,4.5649512
45.4374668,4.3458549,5.7953494,4.5816315
45.4674586,4.3244301,5.7743618,4.5982405
45.4974503,4.3030265,5.7533526,4.6147789
45.527442,4.2816439,5.732322,4.6312475
45.5574338,4.2602826,5.7112697,4.6476472
45.5874255,4.2389425,5.6901959,4.6639786
45.6174172,4.2176238,5.6691004,4.6802426
45.6474089,4.1963266,5.6479833,4.6964398
45.6774007,4.1750508,5.6268445,4.7125711
45.7073924,4.1537965,5.605684,4.7286372
45.7373841,4.1325639,5.5845019,4.7446386
45.7673758,4.1113529,5.5632981,4.7605762
45.7973676,4.0901636,5.5420726,4.7764507
45.8273593,4.0689961,5.5208254,4.7922626
45.857351,4.0478503,5.4995566,4.8080126
45.8873428,4.0267263,5.4782662,4.8237014
45.9173345,4.0056242,5.4569541,4.8393297
45.9473262,3.9845439,5.4356204,4.8548979
45.9773179,3.9634855,5.4142652,4.8704069
46.0073097,3.9424489,5.3928883,4.885857
46.0373014,3.9214342,5.37149,4.9012491
46.0672931,3.9004414,5.3500701,4.9165835
46.0972849,3.8794705,5.3286287,4.9318609
46.1272766,3.8585215,5.307166,4.9470819
46.1572683,3.8375944,5.2856819,4.962247
46.18726,3.8166892,5.2641765,4.9773568
46.2172518,3.795806,5.2426497,4.9924118
46.2472435,3.7749448,5.2211016,5.0
46.2772352,3.754106,5.1995319,5.0
46.3072269,3.7332898,5.1779404,5.0
46.3372187,3.7124964,5.156327,5.0
46.3672104,3.6917261,5.1346914,5.0
46.3972021,3.6709791,5.1130334,5.0
46.4271939,3.6502558,5.0913529,5.0
46.4571856,3.6295564,5.0696496,5.0
46.4871773,3.6088811,5.0479234,5.0
46.517169,3.5882302,5.0261741,5.0
46.5471608,3.5676041,5.0044013,5.0
46.5771525,3.5470037,4.9826043,5.0
46.6071442,3.5264293,4.9607821,5.0
46.6371359,3.505882,4.9389342,5.0
46.6671277,3.4853629,4.9170599,5.0
46.6971194,3.464873,4.8951587,5.0
46.7271111,3.4444124,4.8732299,5.0
46.7571029,3.4239813,4.8512736,5.0
46.7870946,3.4035798,4.8292898,5.0
46.8170863,3.3832079,4.8072786,5.0
46.847078,3.3628657,4.78524,5.0
46.8770698,3.3425532,4.763174,5.0
46.9070615,3.3222704,4.7410807,5.0
46.9370532,3.3020174,4.7189601,5.0
46.9670449,3.2817943,4.6968122,5.0
46.9970367,3.261601,4.6746372,5.0
47.0270284,3.2414377,4.6524349,5.0
47.0570201,3.2213043,4.6302054,5.0
47.0870119,3.2012009,4.6079489,5.0
47.1170036,3.1811276,4.5856652,5.0
47.1469953,3.1610844,4.5633545,5.0
47.176987,3.1410713,4.5410168,5.0
47.2069788,3.1210884,4.5186521,5.0
47.2369705,3.1011358,4.4962604,5.0
47.2669622,3.0812134,4.4738418,5.0
47.2969539,3.0613213,4.4513964,5.0
47.3269457,3.0414595,4.4289241,5.0
47.3569374,3.0216279,4.4064247,5.0
47.3869291,3.0018268,4.3838986,5.0
47.4169209,2.9820561,4.3613457,5.0
47.4469126,2.962316,4.3387661,5.0
47.4769043,2.9426064,4.3161599,5.0
47.506896,2.9229274,4.2935271,5.0
47.5368878,2.903279,4.2708676,5.0
47.5668795,2.8836614,4.2481816,5.0
47.5968712,2.8640744,4.2254691,5.0
47.6268629,2.8445183,4.2027301,5.0
47.6568547,2.8249929,4.1799646,5.0
47.6868464,2.8054984,4.1571728,5.0
47.7168381,2.7860348,4.1343545,5.0
47.7468299,2.7666021,4.11151,5.0
47.7768216,2.7472003,4.0886391,5.0
47.8068133,2.7278296,4.065742,5.0
47.836805,2.7084899,4.0428187,5.0
47.8667968,2.6891814,4.0198691,5.0
47.8967885,2.6699039,3.9968935,5.0
47.9267802,2.6506577,3.9738917,5.0
47.9567719,2.6314426,3.9508638,5.0
47.9867637,2.6122588,3.92781,5.0
48.0167554,2.5931063,3.9047301,5.0
48.0467471,2.5739851,3.8816242,5.0
48.0767389,2.5548953,3.8584925,5.0
48.1067306,2.5358369,3.8353348,5.0
48.1367223,2.51681,3.8121514,5.0
48.166714,2.4978146,3.7889421,5.0
48.1967058,2.4788507,3.765707,5.0
48.2266975,2.4599184,3.7424462,5.0
48.2566892,2.4410176,3.7191596,5.0
48.2866809,2.4221484,3.6958473,5.0
48.3166727,2.4033109,3.6725094,5.0
48.3466644,2.3845052,3.6491459,5.0
48.3766561,2.3657312,3.6257569,5.0
48.4066479,2.3469891,3.6023423,5.0
48.4366396,2.3282788,3.5789023,5.0
48.4666313,2.3096005,3.5554369,5.0
48.496623,2.290954,3.5319461,5.0
48.5266148,2.2723396,3.50843,5.0
48.5566065,2.2537572,3.4848885,5.0
48.5865982,2.2352068,3.4613218,5.0
48.6165899,2.2166886,3.4377299,5.0
48.6465817,2.1982025,3.4141127,5.0
48.6765734,2.1797486,3.3904705,5.0
48.7065651,2.1613269,3.366803,5.0
48.7365569,2.1429375,3.3431106,5.0
48.7665486,2.1245804,3.319393,5.0
48.7965403,2.1062557,3.2956505,5.0
48.826532,2.0879633,3.2718831,5.0
48.8565238,2.0697034,3.2480906,5.0
48.8865155,2.051476,3.2242734,5.0
48.9165072,2.0332811,3.2004312,5.0
48.9464989,2.0151187,3.1765643,5.0
48.9764907,1.996989,3.1526726,5.0
49.0064824,1.9788919,3.1287561,5.0
49.0364741,1.9608274,3.104815,5.0
49.0664659,1.9427958,3.0808492,5.0
49.0964576,1.9247968,3.0568588,5.0
49.1264493,1.9068307,3.0328438,5.0
49.156441,1.8888975,3.0088042,5.0
49.1864328,1.8709971,2.9847402,5.0
49.2164245,1.8531297,2.9606517,5.0
49.2464162,1.8352953,2.9365387,5.0
49.2764079,1.8174939,2.9124014,5.0
49.3063997,1.7997256,2.8882397,5.0
49.3363914,1.7819904,2.8640537,5.0
49.3663831,1.7642884,2.8398434,5.0
49.3963749,1.7466196,2.8156088,5.0
49.4263666,1.728984,2.7913501,5.0
49.4563583,1.7113817,2.7670672,5.0
49.48635,1.6938127,2.74276,5.0
49.5163418,1.6762771,2.7184288,5.0
49.5463335,1.6587749,2.6940735,5.0
49.5763252,1.6413062,2.6696942,5.0
49.6063169,1.623871,2.6452909,5.0
49.6363087,1.6064694,2.6208637,5.0
49.6663004,1.5891014,2.5964125,5.0
49.6962921,1.5717671,2.5719375,5.0
49.7262839,1.5544664,2.5474387,5.0
49.7562756,1.5371996,2.522916,5.0
49.7862673,1.5199665,2.4983696,5.0
49.816259,1.5027673,2.4737994,5.0
49.8462508,1.485602,2.4492056,5.0
49.8762425,1.4684707,2.4245881,5.0
49.9062342,1.4513733,2.399947,5.0
49.9362259,1.43431,2.3752823,5.0
49.9662177,1.4172809,2.350594,5.0
49.9962094,1.4002858,2.3258822,5.0
50.0262011,1.383325,2.3011469,5.0
50.0561929,1.3663984,2.2763882,5.0
50.0861846,1.3495061,2.2516061,5.0
50.1161763,1.3326481,2.2268006,5.0
50.146168,1.3158246,2.2019717,5.0
50.1761598,1.2990355,2.1771196,5.0
50.2061515,1.2822809,2.1522441,5.0
50.2361432,1.2655609,2.1273455,5.0
50.2661349,1.2488755,2.1024236,5.0
50.2961267,1.2322248,2.0774785,5.0
50.3261184,1.2156088,2.0525103,5.0
50.3561101,1.1990275,2.027519,5.0
50.3861019,1.1824811,2.0025046,5.0
50.4160936,1.1659696,1.9774672,5.0
50.4460853,1.1494931,1.9524067,5.0
50.476077,1.1330515,1.9273233,5.0
50.5060688,1.116645,1.902217,5.0
50.5360605,1.1002736,1.8770877,5.0
50.5660522,1.0839374,1.8519355,5.0
50.5960439,1.0676364,1.8267605,5.0
50.6260357,1.0513708,1.8015627,5.0
50.6560274,1.0351404,1.7763421,5.0
50.6860191,1.0189455,1.7510988,5.0
50.7160109,1.0027861,1.7258327,5.0
50.7460026,0.9866622,1.7005439,5.0
50.7759943,0.9705738,1.6752325,5.0
50.805986,0.9545212,1.6498984,5.0
50.8359778,0.9385042,1.6245418,5.0
50.8659695,0.9225231,1.5991625,5.0
50.8959612,0.9065778,1.5737608,5.0
50.9259529,0.8906684,1.5483365,5.0
50.9559447,0.874795,1.5228897,5.0
50.9859364,0.8589576,1.4974205,5.0
51.0159281,0.8431564,1.4719289,5.0
51.0459199,0.8273913,1.4464149,5.0
51.0759116,0.8116625,1.4208785,5.0
51.1059033,0.79597,1.3953198,5.0
51.135895,0.7803139,1.3697387,5.0
51.1658868,0.7646942,1.3441354,5.0
51.1958785,0.7491111,1.3185099,5.0
51.2258702,0.7335645,1.2928621,5.0
51.2558619,0.7180547,1.2671921,5.0
51.2858537,0.7025815,1.2415,5.0
51.3158454,0.6871452,1.2157857,5.0
51.3458371,0.6717458,1.1900493,5.0
51.3758289,0.6563834,1.1642908,5.0
51.4058206,0.641058,1.1385103,5.0
51.4358123,0.6257697,1.1127077,5.0
51.465804,0.6105186,1.0868832,5.0
51.4957958,0.5953048,1.0610366,5.0
51.5257875,0.5801284,1.0351681,5.0
51.5557792,0.5649894,1.0092777,5.0
51.5857709,0.5498879,0.9833654,5.0
51.6157627,0.534824,0.9574312,5.0
51.6457544,0.5197978,0.9314752,5.0
51.6757461,0.5048094,0.9054973,5.0
51.7057379,0.4898588,0.8794976,5.0
51.7357296,0.4749461,0.8534762,5.0
51.7657213,0.4600715,0.827433,5.0
51.795713,0.445235,0.801368,5.0
51.8257048,0.4304366,0.7752814,5.0
51.8556965,0.4156766,0.7491731,5.0
51.8856882,0.4009549,0.7230431,5.0
51.9156799,0.3862717,0.6968915,5.0
51.9456717,0.3716271,0.6707183,5.0
51.9756634,0.3570211,0.6445235,5.0
52.0056551,0.3424538,0.6183071,5.0
52.0356469,0.3279254,0.5920692,5.0
52.0656386,0.3134359,0.5658098,5.0
52.0956303,0.2989855,0.5395289,5.0
52.125622,0.2845742,0.5132265,5.0
52.1556138,0.2702021,0.4869026,5.0
52.1856055,0.2558693,0.4605573,5.0
52.2155972,0.241576,0.4341906,5.0
52.2455889,0.2273222,0.4078025,5.0
52.2755807,0.213108,0.381393,5.0
52.3055724,0.1989336,0.3549622,5.0
52.3355641,0.184799,0.3285101,5.0
52.3655559,0.1707044,0.3020366,5.0
52.3955476,0.1566498,0.2755419,5.0
52.4255393,0.1426354,0.2490259,5.0
52.455531,0.1286612,0.2224886,5.0
52.4855228,0.1147275,0.1959301,5.0
52.5155145,0.1008342,0.1693504,5.0
52.5455062,0.0869816,0.1427495,5.0
52.5754979,0.0731696,0.1161275,5.0
52.6054897,0.0593986,0.0894843,5.0
52.6354814,0.0456684,0.0628199,5.0
52.6654731,0.0319794,0.0361345,5.0
52.6954649,0.0183316,0.0094279,5.0
52.7254566,0.004725,-0.0172997,5.0
52.7554483,-0.0088401,-0.0440484,5.0
52.78544,-0.0223636,-0.0708181,5.0
52.8154318,-0.0358454,-0.0976088,5.0
52.8454235,-0.0492855,-0.1244206,5.0
52.8754152,-0.0626835,-0.1512533,5.0
52.9054069,-0.0760396,-0.178107,5.0
52.9353987,-0.0893534,-0.2049817,5.0
52.9653904,-0.1026249,-0.2318772,5.0
52.9953821,-0.1158539,-0.2587937,5.0
53.0253739,-0.1290403,-0.2857311,5.0
53.0553656,-0.1421841,-0.3126894,5.0
53.0853573,-0.1552849,-0.3396685,5.0
53.115349,-0.1683427,-0.3666685,5.0
53.1453408,-0.1813574,-0.3936893,5.0
53.1753325,-0.1943288,-0.4207309,5.0
53.2053242,-0.2072568,-0.4477933,5.0
53.2353159,-0.2201412,-0.4748765,5.0
53.2653077,-0.2329818,-0.5019804,5.0
53.2952994,-0.2457786,-0.529105,5.0
53.3252911,-0.2585313,-0.5562503,5.0
53.3552829,-0.2712399,-0.5834163,5.0
53.3852746,-0.2839042,-0.610603,5.0
53.4152663,-0.296524,-0.6378103,5.0
53.445258,-0.3090992,-0.6650383,5.0
53.4752498,-0.3216296,-0.692287,5.0
53.5052415,-0.3341151,-0.7195563,5.0
53.5352332,-0.3465554,-0.7468461,5.0
53.5652249,-0.3589505,-0.7741566,5.0
53.5952167,-0.3713002,-0.8014876,5.0
53.6252084,-0.3836044,-0.8288392,5.0
53.6552001,-0.3958627,-0.8562113,5.0
53.6851919,-0.4080752,-0.883604,5.0
53.7151836,-0.4202416,-0.9110171,5.0
53.7451753,-0.4323617,-0.9384507,5.0
53.775167,-0.4444354,-0.9659048,5.0
53.8051588,-0.4564625,-0.9933793,5.0
53.8351505,-0.4684428,-1.0208743,5.0
53.8651422,-0.4803762,-1.0483897,5.0
53.8951339,-0.4922624,-1.0759254,5.0
53.9251257,-0.5041014,-1.1034816,5.0
53.9551174,-0.5158928,-1.1310581,5.0
53.9851091,-0.5276366,-1.158655,5.0
54.0151009,-0.5393325,-1.1862721,5.0
54.0450926,-0.5509804,-1.2139096,5.0
54.0750843,-0.56258,-1.2415674,5.0
54.105076,-0.5741312,-1.2692454,5.0
54.1350678,-0.5856338,-1.2969437,5.0
54.1650595,-0.5970876,-1.3246622,5.0
54.1950512,-0.6084923,-1.352401,5.0
54.2250429,-0.6198479,-1.3801599,5.0
54.2550347,-0.631154,-1.407939,5.0
54.2850264,-0.6424106,-1.4357382,5.0
54.3150181,-0.6536173,-1.4635576,5.0
54.3450099,-0.664774,-1.4913971,5.0
54.3750016,-0.6758805,-1.5192566,5.0
54.4049933,-0.6869365,-1.5471363,5.0
54.434985,-0.6979419,-1.5750359,5.0
54.4649768,-0.7088964,-1.6029556,5.0
54.4949685,-0.7197999,-1.6308953,5.0
54.5249602,-0.730652,-1.6588549,5.0
54.5549519,-0.7414526,-1.6868342,5.0
54.5849437,-0.7522014,-1.7148335,5.0
54.6149354,-0.7628982,-1.7428526,5.0
54.6449271,-0.7735429,-1.7708916,5.0
54.6749189,-0.7841352,-1.7989504,5.0
54.7049106,-0.7946748,-1.8270291,5.0
54.7349023,-0.8051616,-1.8551276,5.0
54.764894,-0.8155952,-1.8832458,5.0
54.7948858,-0.8259756,-1.9113838,5.0
54.8248775,-0.8363023,-1.9395415,5.0
54.8548692,-0.8465753,-1.9677189,5.0
54.8848609,-0.8567942,-1.9959159,5.0
54.9148527,-0.8669588,-2.0241326,5.0
54.9448444,-0.8770689,-2.0523688,5.0
54.9748361,-0.8871242,-2.0806247,4.9926047
55.0048279,-0.8971245,-2.1089001,4.9782795
55.0348196,-0.9070694,-2.137195,4.9639149
55.0648113,-0.9169585,-2.1655095,4.949513
55.094803,-0.9267913,-2.1938436,4.9350732
55.1247948,-0.9365676,-2.2221973,4.920595
55.1547865,-0.9462867,-2.2505707,4.9060779
55.1847782,-0.9559483,-2.2789637,4.8915215
55.2147699,-0.965552,-2.3073764,4.8769251
55.2447617,-0.9750972,-2.3358088,4.8622883
55.2747534,-0.9845837,-2.3642609,4.8476105
55.3047451,-0.9940108,-2.3927328,4.8328912
55.3347369,-1.0033782,-2.4212244,4.8181297
55.3647286,-1.0126854,-2.4497357,4.8033256
55.3947203,-1.0219317,-2.4782663,4.7884782
55.424712,-1.031117,-2.5068165,4.773587
55.4547038,-1.0402407,-2.5353865,4.7586513
55.4846955,-1.0493023,-2.5639763,4.7436706
55.5146872,-1.0583015,-2.5925858,4.7286442
55.5446789,-1.0672377,-2.6212151,4.7135714
55.5746707,-1.0761104,-2.6498642,4.6984517
55.6046624,-1.0849193,-2.6785329,4.6832844
55.6346541,-1.0936637,-2.7072215,4.6680687
55.6646459,-1.1023433,-2.7359297,4.652804
55.6946376,-1.1109575,-2.7646577,4.6374896
55.7246293,-1.1195059,-2.7934053,4.6221249
55.754621,-1.1279879,-2.8221726,4.6067089
55.7846128,-1.1364032,-2.8509596,4.5912413
55.8146045,-1.1447511,-2.8797663,4.5757212
55.8445962,-1.1530312,-2.9085925,4.5601479
55.8745879,-1.161243,-2.9374383,4.5445255
55.9045797,-1.1693858,-2.9663037,4.5288879
55.9345714,-1.1774585,-2.9951889,4.5133096
55.9645631,-1.1854586,-3.0240943,4.4978088
55.9945549,-1.1933834,-3.0530205,4.4823845
56.0245466,-1.2012301,-3.0819677,4.467036
56.0545383,-1.2089958,-3.1109361,4.4517626
56.08453,-1.2166779,-3.1399269,4.4365617
56.1145218,-1.2242735,-3.1689405,4.4214438
56.1445135,-1.2317797,-3.1979765,4.4063306
56.1745052,-1.2391949,-3.2270361,4.3911653
56.2044969,-1.2465191,-3.2561195,4.3759214
56.2344887,-1.2537517,-3.2852261,4.3605958
56.2644804,-1.2608926,-3.3143554,4.3451899
56.2944721,-1.2679414,-3.3435072,4.3297006
56.3244639,-1.2748981,-3.3726812,4.3141275
56.3544556,-1.2817623,-3.4018772,4.2984687
56.3844473,-1.2885337,-3.4310949,4.282723
56.414439,-1.2952123,-3.460334,4.2668887
56.4444308,-1.3017978,-3.4895943,4.2509642
56.4744225,-1.30829,-3.5188754,4.2349478
56.5044142,-1.3146888,-3.5481771,4.2188378
56.5344059,-1.3209938,-3.5774991,4.2026323
56.5643977,-1.3272049,-3.6068402,4.1863294
56.5943894,-1.3333221,-3.6362011,4.1699271
56.6243811,-1.3393452,-3.6655816,4.1534233
56.6543729,-1.3452741,-3.6949814,4.1368159
56.6843646,-1.3511087,-3.7244,4.1201028
56.7143563,-1.356849,-3.7538374,4.1032818
56.744348,-1.3624948,-3.783293,4.0863506
56.7743398,-1.3680462,-3.8127666,4.069307
56.8043315,-1.3735029,-3.8422579,4.0521485
56.8343232,-1.3788652,-3.8717665,4.0348727
56.8643149,-1.3841328,-3.9012921,4.0174772
56.8943067,-1.3893059,-3.9308345,3.9999595
56.9242984,-1.3943845,-3.9603932,3.9823171
56.9542901,-1.3993687,-3.9899679,3.9645473
56.9842819,-1.4042584,-4.0195584,3.9466475
57.0142736,-1.4090538,-4.0491642,3.9286151
57.0442653,-1.4137551,-4.0787852,3.9104472
57.074257,-1.4183623,-4.108421,3.8921412
57.1042488,-1.4228756,-4.1380712,3.8736942
57.1342405,-1.4272951,-4.1677356,3.8551036
57.1642322,-1.4316211,-4.1974137,3.8363664
57.1942239,-1.4358537,-4.2271053,3.8174798
57.2242157,-1.4399931,-4.25681,3.7984412
57.2542074,-1.4440396,-4.2865274,3.7792474
57.2841991,-1.4479933,-4.3162574,3.7598958
57.3141909,-1.4518546,-4.3459994,3.7403834
57.3441826,-1.4556238,-4.3757533,3.7207074
57.3741743,-1.459301,-4.4055187,3.7008648
57.404166,-1.4628866,-4.4352952,3.6808529
57.4341578,-1.4663809,-4.4650827,3.6606686
57.4641495,-1.4697842,-4.4948807,3.6403093
57.4941412,-1.4730967,-4.5246888,3.6197719
57.5241329,-1.4763187,-4.5545068,3.5990538
57.5541247,-1.4794506,-4.5843343,3.5781521
57.5841164,-1.4824926,-4.6141711,3.557064
57.6141081,-1.4854451,-4.6440169,3.5357869
57.6440999,-1.4883083,-4.6738713,3.5143179
57.6740916,-1.4910824,-4.7037342,3.4926543
57.7040833,-1.4937678,-4.7336052,3.4707934
57.734075,-1.4963635,-4.7634843,3.4489445
57.7640668,-1.4988644,-4.7933715,3.4273721
57.7940585,-1.50126,-4.8232676,3.4061309
57.8240502,-1.5035383,-4.853173,3.3852135
57.8540419,-1.5056873,-4.8830881,3.3646128
57.8840337,-1.5076948,-4.9130133,3.3443221
57.9140254,-1.5095489,-4.9429471,3.3243351
57.9440171,-1.5112377,-4.9728903,3.3046457
57.9740089,-1.5127491,-5.0028431,3.2852482
58.0040006,-1.5140713,-5.032805,3.2661374
58.0339923,-1.5151924,-5.0627751,3.2473084
58.063984,-1.5161004,-5.0927526,3.2287568
58.0939758,-1.5167834,-5.1227362,3.2104786
58.1239675,-1.5172296,-5.1527245,3.1924703
58.1539592,-1.5174269,-5.1827157,3.1747291
58.1839509,-1.5173635,-5.2127077,3.1572523
58.2139427,-1.5170275,-5.2426982,3.1400382
58.2439344,-1.5164067,-5.2726845,3.1230853
58.2739261,-1.5154894,-5.3026634,3.1063931
58.3039179,-1.5142634,-5.3326292,3.0899618
58.3339096,-1.5127168,-5.3625794,3.0737922
58.3639013,-1.5108374,-5.3925108,3.0578857
58.393893,-1.508613,-5.4224188,3.0422441
58.4238848,-1.5060315,-5.4522983,3.0268703
58.4538765,-1.5030806,-5.4821439,3.0117674
58.4838682,-1.4997479,-5.5119497,2.9969397
58.5138599,-1.4960211,-5.5417092,2.982392
58.5438517,-1.4918877,-5.5714154,2.9681299
58.5738434,-1.4873353,-5.6010607,2.95416
58.6038351,-1.4823513,-5.6306372,2.9404885
58.6338269,-1.4769236,-5.6601334,2.9271265
58.6638186,-1.4710394,-5.6895406,2.9141356
58.6938103,-1.4646844,-5.7188508,2.9015076
58.723802,-1.4578452,-5.7480522,2.8892228
58.7537938,-1.4505091,-5.7771333,2.877263
58.7837855,-1.442664,-5.8060815,2.8656091
58.8137772,-1.4342991,-5.8348837,2.8542415
58.8437689,-1.4254043,-5.8635263,2.84314
58.8737607,-1.4159704,-5.8919954,2.8322839
58.9037524,-1.4059892,-5.9202765,2.8216519
58.9337441,-1.3954533,-5.948356,2.81122
58.9637359,-1.3843558,-5.9762202,2.800962
58.9937276,-1.3726921,-6.0038524,2.7908551
59.0237193,-1.3604582,-6.0312369,2.7808763
59.053711,-1.3476512,-6.0583578,2.7710023
59.0837028,-1.3342691,-6.0851992,2.76121
59.1136945,-1.3203112,-6.1117452,2.7514765
59.1436862,-1.3057778,-6.1379796,2.7417793
59.173678,-1.2906702,-6.1638865,2.7320962
59.2036697,-1.2749907,-6.1894501,2.7224061
59.2336614,-1.2587426,-6.2146546,2.7126884
59.2636531,-1.241928,-6.2394876,2.702936
59.2936449,-1.2245498,-6.2639363,2.6931346
59.3236366,-1.2066169,-6.2879809,2.6832628
59.3536283,-1.1881359,-6.3116065,2.6733042
59.38362,-1.1691141,-6.3347985,2.6632438
59.4136118,-1.1495593,-6.3575425,2.6530685
59.4436035,-1.1294802,-6.3798244,2.642767
59.4735952,-1.1088855,-6.4016302,2.63233
59.503587,-1.0877848,-6.4229463,2.6217502
59.5335787,-1.0661879,-6.4437592,2.6110226
59.5635704,-1.0441048,-6.4640554,2.6001446
59.5935621,-1.021546,-6.4838216,2.5891159
59.6235539,-0.998522,-6.5030445,2.5779384
59.6535456,-0.9750439,-6.5217106,2.5666167
59.6835373,-0.9511227,-6.5398061,2.5551575
59.713529,-0.9267701,-6.5573172,2.5435698
59.7435208,-0.9019983,-6.5742292,2.5318646
59.7735125,-0.8768201,-6.5905272,2.5200547
59.8035042,-0.8512494,-6.6061953,2.5081536
59.833496,-0.8253019,-6.6212172,2.4961754
59.8634877,-0.7989949,-6.6355754,2.4841362
59.8934794,-0.7723231,-6.6492647,2.4720414
59.9234711,-0.7452623,-6.6622866,2.4598874
59.9534629,-0.7178892,-6.6745945,2.4476573
59.9834546,-0.6902359,-6.6861694,2.4353208
60.0134463,-0.6623292,-6.6969988,2.4228182
60.043438,-0.6340289,-6.7071323,2.4100451
60.0734298,-0.6055591,-6.7164932,2.3968092
60.1034215,-0.5768318,-6.725127,2.382846
60.1334132,-0.5479163,-6.733039,2.3677633
60.163405,-0.5187926,-6.7402779,2.3510297
60.1933967,-0.4895779,-6.7468782,2.3320418
60.2233884,-0.4602148,-6.7529315,2.3102375
60.2533801,-0.4307387,-6.7585051,2.2855632
60.2833719,-0.4011992,-6.763626,2.2603014
60.3133636,-0.3715838,-6.7682433,2.2391159
60.3433553,-0.3418788,-6.7722198,2.218683
60.373347,-0.3120862,-6.7754947,2.1984593
60.4033388,-0.2821966,-6.7780368,2.1798903
60.4333305,-0.2522518,-6.7797639,2.1637298
60.4633222,-0.2223315,-6.780571,2.1499175
60.493314,-0.1922624,-6.7803595,2.1379332
60.5233057,-0.1623904,-6.7790505,2.1274222
60.5532974,-0.132497,-6.7765716,2.1179452
60.5832891,-0.1026545,-6.7728663,2.1093827
60.6132809,-0.0731273,-6.7679182,2.1025291
60.6432726,-0.0438272,-6.761655,2.0963984
60.6732643,-0.0148174,-6.7540484,2.0905724
60.703256,0.0138144,-6.7450965,2.0851437
60.7332478,0.0419924,-6.7347986,2.080062
60.7632395,0.0696424,-6.7231599,2.075305
60.7932312,0.0966919,-6.71019,2.0708277
60.823223,0.1230687,-6.6959046,2.066571
60.8532147,0.1487018,-6.6803258,2.0624597
60.8832064,0.1735213,-6.6634822,2.0584052
60.9131981,0.1974602,-6.6454092,2.054344
60.9431899,0.2204547,-6.6261493,2.0502458
60.9731816,0.2424454,-6.605751,2.0460094
61.0031733,0.263378,-6.5842686,2.041531
61.033165,0.2832038,-6.5617613,2.0367095
61.0631568,0.30188,-6.5382923,2.03145
61.0931485,0.3193695,-6.5139275,2.0256682
61.1231402,0.3356411,-6.488735,2.0192935
61.153132,0.3506688,-6.4627833,2.0122722
61.1831237,0.3644311,-6.4361408,2.00457
61.2131154,0.3769104,-6.4088748,1.9961734
61.2431071,0.3880914,-6.3810503,1.9870914
61.2730989,0.3979605,-6.3527301,1.9773571
61.3030906,0.4065038,-6.3239746,1.9670284
61.3330823,0.4137054,-6.2948426,1.9561891
61.363074,0.4195464,-6.2653939,1.9449494
61.3930658,0.4240029,-6.2356942,1.9334436
61.4230575,0.4270468,-6.2058237,1.921932
61.4530492,0.4286496,-6.175893,1.9105191
61.483041,0.4287929,-6.1460049,1.8990408
61.5130327,0.4274567,-6.1158916,1.887465
61.5430244,0.4247163,-6.0861111,1.8744608
61.5730161,0.4208252,-6.056421,1.8558526
61.6030079,0.4166923,-6.0266984,1.8519813
61.6329996,0.4138799,-5.9969165,1.8498522
61.6629913,0.4107803,-5.967171,1.8459814
61.692983,0.4058617,-5.9375574,1.8459814
61.7229748,0.398989,-5.9085061,1.8459814
61.7529665,0.3902364,-5.8797103,1.8504386
61.7829582,0.37991,-5.8515708,1.8591004
61.81295,0.3681681,-5.8240303,1.8710093
61.8429417,0.3551213,-5.7970268,1.8854148
61.8729334,0.340905,-5.770603,1.9017609
61.9029251,0.3256333,-5.7447747,1.9196805
61.9329169,0.3094049,-5.7195413,1.9389393
61.9629086,0.2923081,-5.6948928,1.9593964
61.9929003,0.2744237,-5.6708119,1.980977
62.022892,0.2558274,-5.6472761,2.0036526
62.0528838,0.2365912,-5.6242577,2.0274264
62.0828755,0.2167843,-5.6017242,2.052323
62.1128672,0.1964735,-5.5796389,2.0783809
62.142859,0.1757233,-5.5579606,2.1056466
62.1728507,0.1545967,-5.5366448,2.134171
62.2028424,0.1331736,-5.5156618,2.1640065
62.2328341,0.1115014,-5.4949486,2.1952191
62.2628259,0.0896237,-5.4744395,2.2278595
62.2928176,0.0675964,-5.4540811,2.2619637
62.3228093,0.0454739,-5.4338192,2.2975638
62.352801,0.0233097,-5.4135998,2.3334455
62.3827928,0.0011562,-5.3933696,2.3687384
62.4127845,-0.0209286,-5.3730835,2.3679587
62.4427762,-0.0429092,-5.3526783,2.3363959
62.472768,-0.0647379,-5.3321057,2.306125
62.5027597,-0.0863665,-5.3113221,2.277014
62.5327514,-0.107748,-5.2902878,2.2489272
62.5627431,-0.1288366,-5.2689672,2.221726
62.5927349,-0.1495984,-5.2473192,2.1952256
62.6227266,-0.169992,-5.2253158,2.1692709
62.6527183,-0.1899726,-5.2029406,2.1436788
62.68271,-0.2095064,-5.1801738,2.1182876
62.7127018,-0.2285584,-5.1570042,2.093343
62.7426935,-0.2470763,-5.1334261,2.0694315
62.7726852,-0.2650027,-5.1094116,2.0464203
62.802677,-0.28231,-5.0848932,2.0241361
62.8326687,-0.298909,-5.0598959,2.0024881
62.8626604,-0.3147411,-5.0344124,1.9813616
62.8926521,-0.3297495,-5.0084403,1.960642
62.9226439,-0.3438794,-4.9819838,1.9402163
62.9526356,-0.357078,-4.955053,1.9199714
62.9826273,-0.3692948,-4.9276642,1.8997982
63.012619,-0.3804819,-4.8998391,1.8795937
63.0426108,-0.3905941,-4.8716046,1.8592644
63.0726025,-0.3995887,-4.8429925,1.8387293
63.1025942,-0.4074254,-4.8140389,1.8179634
63.132586,-0.4140657,-4.7847846,1.7969209
63.1625777,-0.4194722,-4.755275,1.7755571
63.1925694,-0.4236076,-4.7255618,1.7538518
63.2225611,-0.4264345,-4.6957046,1.7318165
63.2525529,-0.4279143,-4.6657753,1.7096047
63.2825446,-0.428008,-4.6358606,1.6873657
63.3125363,-0.4266583,-4.6057926,1.6652372
63.342528,-0.4238155,-4.5759232,1.6434452
63.3725198,-0.4194277,-4.5463139,1.6221381
63.4025115,-0.4134054,-4.516896,1.6009368
63.4325032,-0.4057244,-4.4878707,1.5795338
63.462495,-0.3965071,-4.4593911,1.5564096
63.4924867,-0.3863243,-4.4311785,1.5209236
63.5224784,-0.3772435,-4.4027066,1.5209236
63.5524701,-0.3705154,-4.3735671,1.5209236
63.5824619,-0.363059,-4.3446623,1.5604278
63.6124536,-0.3530339,-4.3164091,1.5636054
63.6424453,-0.3407303,-4.2888498,1.5741655
63.672437,-0.3267704,-4.2624998,1.5908759
63.7024288,-0.311182,-4.2368457,1.6115823
63.7324205,-0.2942228,-4.2120176,1.6345984
63.7624122,-0.2760704,-4.1880634,1.658848
63.792404,-0.2568755,-4.1650296,1.6836161
63.8223957,-0.2366817,-4.1428675,1.7084251
63.8523874,-0.2155475,-4.121582,1.7329301
63.8823791,-0.1935335,-4.1011977,1.7568841
63.9123709,-0.1707046,-4.0817523,1.7801121
63.9423626,-0.1471055,-4.0632708,1.8024994
63.9723543,-0.122763,-4.0457708,1.8239747
64.002346,-0.0977165,-4.0292839,1.8444953
64.0323378,-0.0720062,-4.013843,1.8640474
64.0623295,-0.0456741,-3.9994812,1.8826437
64.0923212,-0.0187636,-3.98623,1.9003215
64.122313,0.0086797,-3.9741183,1.9171416
64.1523047,0.0366085,-3.9631713,1.9331862
64.1822964,0.0649735,-3.953409,1.9485581
64.2122881,0.09371,-3.9448497,1.9633775
64.2422799,0.1227789,-3.9374964,1.9778112
64.2722716,0.152129,-3.9313493,1.9920103
64.3022633,0.181707,-3.9264014,2.0061266
64.332255,0.2114613,-3.9226376,2.0203141
64.3622468,0.2413423,-3.9200346,2.0347248
64.3922385,0.2713032,-3.9185616,2.0495048
64.4222302,0.3012872,-3.9181807,2.0647914
64.452222,0.3312647,-3.9188462,2.0807373
64.4822137,0.3612072,-3.920508,2.0974616
64.5122054,0.3910861,-3.9231111,2.1150594
64.5421971,0.4208776,-3.9265969,2.1336139
64.5721889,0.4505628,-3.9309031,2.1531971
64.6021806,0.4801249,-3.9359648,2.1738732
64.6321723,0.5095587,-3.9417165,2.1957066
64.662164,0.5388661,-3.948097,2.2186533
64.6921558,0.5680443,-3.955056,2.2423428
64.7221475,0.5970849,-3.9625585,2.2663341
64.7521392,0.625979,-3.9705826,2.2902711
64.782131,0.6547275,-3.9791131,2.3140407
64.8121227,0.683335,-3.9881352,2.3377261
64.8421144,0.7117874,-3.9976285,2.3613155
64.8721061,0.7400819,-4.007576,2.3848333
64.9020979,0.7682169,-4.0179608,2.4082982
64.9320896,0.7961914,-4.028766,2.4317265
64.9620813,0.8240049,-4.0399751,2.4551366
64.992073,0.8516639,-4.0515741,2.478546
65.0220648,0.8791663,-4.0635458,2.5019724
65.0520565,0.9065098,-4.075872,2.5254335
65.0820482,0.9336966,-4.0885367,2.5489472
65.11204,0.9607293,-4.1015237,2.5725313
65.1420317,0.9876114,-4.1148169,2.5962039
65.1720234,1.0143464,-4.1284005,2.6199826
65.2020151,1.0409439,-4.142261,2.6438854
65.2320069,1.0674069,-4.1563821,2.66793
65.2619986,1.0937373,-4.1707462,2.6921343
65.2919903,1.1199411,-4.1853376,2.7165161
65.321982,1.1460245,-4.2001407,2.741093
65.3519738,1.1719942,-4.21514,2.7658825
65.3819655,1.1978574,-4.2303201,2.7909022
65.4119572,1.2236215,-4.2456654,2.8161695
65.441949,1.2493018,-4.2611652,2.8417017
65.4719407,1.2748993,-4.2767999,2.8675161
65.5019324,1.3004222,-4.292554,2.8936295
65.5319241,1.3258794,-4.3084123,2.9200587
65.5619159,1.3512797,-4.3243595,2.9468206
65.5919076,1.3766323,-4.3403804,2.9739315
65.6218993,1.4019466,-4.3564599,3.0010632
65.651891,1.4272321,-4.3725826,3.0279249
65.6818828,1.4525021,-4.3887359,3.054524
65.7118745,1.4777664,-4.4049046,3.0808676
65.7418662,1.503031,-4.4210712,3.1069624
65.771858,1.5283055,-4.4372205,3.1328149
65.8018497,1.5535997,-4.4533372,3.1584312
65.8318414,1.5789232,-4.4694062,3.1838173
65.8618331,1.6042855,-4.4854123,3.2089789
65.8918249,1.629696,-4.5013404,3.2331743
65.9218166,1.6551637,-4.5171752,3.2564079
65.9518083,1.6806978,-4.5329016,3.2786865
65.9818,1.7063106,-4.5485068,3.3000181
66.0117918,1.7320093,-4.5639748,3.3204134
66.0417835,1.7577991,-4.5792889,3.3054407
66.0717752,1.7836877,-4.5944342,3.287007
66.101767,1.8096821,-4.6093956,3.2690468
66.1317587,1.8357892,-4.6241583,3.2515422
66.1617504,1.8620151,-4.6387078,3.2344746
66.1917421,1.8883656,-4.6530294,3.2178242
66.2217339,1.9148458,-4.6671089,3.2015705
66.2517256,1.9414603,-4.6809321,3.185692
66.2817173,1.968213,-4.6944851,3.1701662
66.311709,1.9951073,-4.7077544,3.1549699
66.3417008,2.0221459,-4.7207265,3.140079
66.3716925,2.0493332,-4.7333898,3.1254677
66.4016842,2.0766699,-4.745731,3.1111096
66.431676,2.104155,-4.7577373,3.0969791
66.4616677,2.1317886,-4.7693969,3.0830497
66.4916594,2.1595701,-4.7806985,3.0692949
66.5216511,2.1874986,-4.7916313,3.0556882
66.5516429,2.2155722,-4.8021852,3.0422027
66.5816346,2.2437887,-4.8123502,3.028812
66.6116263,2.2721453,-4.8221174,3.0154898
66.641618,2.3006385,-4.831478,3.0022101
66.6716098,2.3292645,-4.8404239,2.9889476
66.7016015,2.3580189,-4.8489477,2.9756777
66.7315932,2.386897,-4.8570425,2.9623765
66.761585,2.4158935,-4.8647017,2.9490555
66.7915767,2.4450032,-4.8719186,2.9358815
66.8215684,2.4742217,-4.8786815,2.9231457
66.8515601,2.5035453,-4.8849724,2.9108967
66.8815519,2.5329701,-4.8907713,2.8991092
66.9115436,2.562491,-4.8960591,2.8877605
66.9415353,2.5921019,-4.9008169,2.8768302
66.971527,2.6217956,-4.9050268,2.8663014
67.0015188,2.651564,-4.9086712,2.8561602
67.0315105,2.681398,-4.9117331,2.8463964
67.0615022,2.7112874,-4.9141959,2.8370041
67.091494,2.7412211,-4.9160435,2.8279813
67.1214857,2.7711874,-4.9172601,2.8193316
67.1514774,2.8011736,-4.9178299,2.8110613
67.1814691,2.8311649,-4.9177376,2.8031898
67.2114609,2.8611464,-4.9169677,2.795723
67.2414526,2.891102,-4.9155047,2.7887144
67.2714443,2.9210149,-4.9133324,2.7822824
67.301436,2.9508661,-4.9104327,2.7763796
67.3314278,2.9806355,-4.9067891,2.7709536
67.3614195,3.010302,-4.9023871,2.7659706
67.3914112,3.0398437,-4.8972142,2.7613901
67.421403,3.0692374,-4.89126,2.7571771
67.4513947,3.0984593,-4.8845161,2.7532977
67.4813864,3.1274851,-4.8769758,2.7497213
67.5113781,3.1562917,-4.8686339,2.7464191
67.5413699,3.1848578,-4.8594859,2.7433628
67.5713616,3.2131545,-4.8495313,2.7405305
67.6013533,3.2411557,-4.8387702,2.7379031
67.631345,3.2688353,-4.8272043,2.7354646
67.6613368,3.2961666,-4.814837,2.7332012
67.6913285,3.3231224,-4.8016734,2.7311007
67.7213202,3.3496748,-4.7877205,2.7291512
67.751312,3.3757956,-4.772987,2.7273399
67.7813037,3.401456,-4.7574842,2.7256508
67.8112954,3.4266268,-4.7412256,2.7240634
67.8412871,3.451331,-4.7241903,2.7225419
67.8712789,3.4755132,-4.7064099,2.7210561
67.9012706,3.4991256,-4.6879182,2.719581
67.9312623,3.5221397,-4.6687388,2.7181052
67.961254,3.544593,-4.6488384,2.7166757
67.9912458,3.5664293,-4.6282608,2.7154432
68.0212375,3.5875883,-4.6070564,2.7146756
68.0512292,3.6081096,-4.5851636,2.7146756
68.081221,3.6279087,-4.5626511,2.7146756
68.1112127,3.6470552,-4.5395826,2.7178919
68.1412044,3.6656909,-4.5160951,2.72815
68.1711961,3.6839505,-4.4923141,2.7445954
68.2011879,3.7019253,-4.468346,2.7656134
68.2311796,3.7197246,-4.4441676,2.7890059
68.2611713,3.737206,-4.4198838,2.8103514
68.291163,3.7543461,-4.3952889,2.825653
68.3211548,3.7710519,-4.370333,2.837143
68.3511465,3.7872299,-4.3450263,2.8459147
68.3811382,3.8027896,-4.3194354,2.8529476
68.41113,3.8177613,-4.2934677,2.8590062
68.4411217,3.8321203,-4.267141,2.8645648
68.4711134,3.8458532,-4.2404751,2.8699656
68.5011051,3.8589551,-4.2134907,2.875459
68.5310969,3.8714275,-4.1862089,2.8812384
68.5610886,3.8832772,-4.1586511,2.8874631
68.5910803,3.894516,-4.130839,2.8942721
68.621072,3.9051598,-4.1027941,2.9017938
68.6510638,3.9152289,-4.074538,2.9101513
68.6810555,3.9247475,-4.0460919,2.9194653
68.7110472,3.9337442,-4.0174766,2.9298557
68.741039,3.9422515,-3.9887121,2.9414416
68.7710307,3.9503059,-3.9598177,2.9543416
68.8010224,3.9579478,-3.9308119,2.9686726
68.8310141,3.9652214,-3.9017121,2.9845493
68.8610059,3.9721741,-3.8725348,3.0020836
68.8909976,3.978857,-3.8432955,3.0213834
68.9209893,3.9853236,-3.8140089,3.0425526
68.950981,3.9916306,-3.7846877,3.0656908
68.9809728,3.9978372,-3.7553433,3.090895
69.0109645,4.0040036,-3.7259895,3.1168962
69.0409562,4.010192,-3.6966395,3.1426575
69.070948,4.0164657,-3.6673073,3.1677011
69.1009397,4.022889,-3.6380073,3.1898562
69.1309314,4.0295265,-3.6087551,3.2090848
69.1609231,4.0364433,-3.5795677,3.2253635
69.1909149,4.0437041,-3.5504643,3.2386829
69.2209066,4.0513727,-3.5214658,3.2490464
69.2508983,4.0594992,-3.4925918,3.2569633
69.28089,4.0680828,-3.4638503,3.2647608
69.3108818,4.0770783,-3.4352342,3.2743772
69.3408735,4.0864243,-3.4067416,3.2862986
69.3708652,4.0960547,-3.3783544,3.3010109
69.400857,4.1059296,-3.3500424,3.3174878
69.4308487,4.1160262,-3.3218057,3.3346651
69.4608404,4.1263255,-3.2936434,3.352429
69.4908321,4.1368114,-3.2655497,3.3707239
69.5208239,4.1474695,-3.2375203,3.3894778
69.5508156,4.1582886,-3.2095471,3.4086161
69.5808073,4.1692559,-3.1816318,3.4280583
69.610799,4.1803617,-3.153773,3.4477277
69.6407908,4.1915984,-3.1259678,3.4675515
69.6707825,4.2029604,-3.0982142,3.4874601
69.7007742,4.2144433,-3.0705105,3.5073887
69.730766,4.2260442,-3.0428556,3.5272777
69.7607577,4.2377613,-3.015249,3.5470743
69.7907494,4.2495938,-2.9876908,3.5667326
69.8207411,4.2615416,-2.9601813,3.5862138
69.8507329,4.2736055,-2.9327214,3.6054865
69.8807246,4.2857866,-2.9053123,3.6245259
69.9107163,4.2980863,-2.8779554,3.6433138
69.940708,4.3105056,-2.8506544,3.661838
69.9706998,4.3230451,-2.8234136,3.6800911
70.0006915,4.3357092,-2.79623,3.6980703
70.0306832,4.3484999,-2.769105,3.7157772
70.060675,4.3614192,-2.7420406,3.7332164
70.0906667,4.3744692,-2.7150384,3.750395
70.1206584,4.3876515,-2.6881,3.7673219
70.1506501,4.4009677,-2.6612272,3.7840073
70.1806419,4.4144193,-2.6344214,3.8004625
70.2106336,4.4280074,-2.6076842,3.8166993
70.2406253,4.4417332,-2.5810171,3.8327297
70.270617,4.4555973,-2.5544212,3.848566
70.3006088,4.4696004,-2.527898,3.8642202
70.3306005,4.483743,-2.5014485,3.8797041
70.3605922,4.4980252,-2.4750738,3.895029
70.390584,4.5124472,-2.448775,3.9102057
70.4205757,4.5270089,-2.422553,3.9252448
70.4505674,4.5417099,-2.3964086,3.9401559
70.4805591,4.5565489,-2.3703444,3.9549484
70.5105509,4.5715248,-2.3443621,3.969631
70.5405426,4.5866385,-2.3184594,3.9842123
70.5705343,4.6018896,-2.2926367,3.9986998
70.600526,4.617277,-2.2668945,4.0131005
70.6305178,4.6328,-2.2412332,4.0274207
70.6605095,4.6484575,-2.2156532,4.0416663
70.6905012,4.6642485,-2.1901548,4.0558426
70.720493,4.6801719,-2.1647384,4.0699546
70.7504847,4.6962264,-2.1394043,4.0840067
70.7804764,4.7124109,-2.1141527,4.0980028
70.8104681,4.728724,-2.0889839,4.1119464
70.8404599,4.7451644,-2.0638981,4.1258407
70.8704516,4.7617307,-2.0388955,4.1396885
70.9004433,4.7784216,-2.0139762,4.1534921
70.930435,4.7952358,-1.9891403,4.1672535
70.9604268,4.8121718,-1.964388,4.1809742
70.9904185,4.8292288,-1.9397186,4.1946558
71.0204102,4.8464056,-1.9151319,4.2082995
71.050402,4.8637009,-1.890628,4.2219056
71.0803937,4.8811133,-1.866207,4.2354742
71.1103854,4.8986416,-1.841869,4.2490048
71.1403771,4.9162844,-1.8176141,4.2624968
71.1703689,4.9340405,-1.7934423,4.2759491
71.2003606,4.9519089,-1.7693536,4.28936
71.2303523,4.9698883,-1.7453482,4.3027275
71.260344,4.9879777,-1.7214262,4.3160493
71.2903358,5.0061762,-1.6975875,4.3293223
71.3203275,5.0244828,-1.6738325,4.3425433
71.3503192,5.0428967,-1.6501612,4.3557083
71.380311,5.0614172,-1.6265738,4.3688129
71.4103027,5.0800445,-1.6030697,4.3818521
71.4402944,5.0987798,-1.5796467,4.3948201
71.4702861,5.1176204,-1.5563085,4.407711
71.5002779,5.1365657,-1.5330555,4.4205173
71.5302696,5.1556156,-1.5098884,4.433233
71.5602613,5.17477,-1.4868078,4.4458455
71.590253,5.1940286,-1.4638147,4.458359
71.6202448,5.2133923,-1.4409096,4.4707297
71.6502365,5.2328599,-1.4180943,4.4830298
71.6802282,5.2524306,-1.3953734,4.495089
71.71022,5.2721084,-1.3727448,4.5069501
71.7402117,5.2918906,-1.3502028,4.5191052
71.7702034,5.311767,-1.3277436,4.5317735
71.8001951,5.3317295,-1.3053613,4.5449415
71.8301869,5.3517705,-1.2830491,4.558616
71.8601786,5.3718822,-1.2608006,4.5728053
71.8901703,5.3920576,-1.2386097,4.5874655
71.920162,5.4122922,-1.2164728,4.6023799
71.9501538,5.4325837,-1.194388,4.6173769
71.9801455,5.4529309,-1.1723544,4.6323898
72.0101372,5.4733327,-1.1503714,4.6473914
72.040129,5.4937882,-1.1284384,4.6623794
72.0701207,5.5142966,-1.1065548,4.6773574
72.1001124,5.5348568,-1.0847198,4.6923286
72.1301041,5.5554679,-1.0629329,4.7072961
72.1600959,5.5761289,-1.0411933,4.7222628
72.1900876,5.5968387,-1.0195001,4.7372315
72.2200793,5.6175964,-0.9978527,4.7522048
72.250071,5.6384009,-0.9762503,4.7671852
72.2800628,5.659251,-0.954692,4.782175
72.3100545,5.6801459,-0.9331769,4.7971763
72.3400462,5.7010843,-0.9117042,4.812191
72.370038,5.7220652,-0.8902731,4.8272212
72.4000297,5.7430875,-0.8688825,4.8422684
72.4300214,5.7641501,-0.8475316,4.8573343
72.4600131,5.785252,-0.8262195,4.8724204
72.4900049,5.806392,-0.8049452,4.8875279
72.5199966,5.827569,-0.7837078,4.9026582
72.5499883,5.848782,-0.7625062,4.9178123
72.5799801,5.8700299,-0.7413396,4.9329914
72.6099718,5.8913115,-0.720207,4.9481962
72.6399635,5.9126259,-0.6991073,4.9633572
72.6699552,5.9339718,-0.6780396,4.978463
72.699947,5.9553483,-0.6570028,4.9935139
72.7299387,5.9767544,-0.6359961,5.0
72.7599304,5.9981888,-0.6150184,5.0
72.7899221,6.0196506,-0.5940687,5.0
72.8199139,6.0411388,-0.573146,5.0
72.8499056,6.0626523,-0.5522493,5.0
72.8798973,6.08419,-0.5313776,5.0
72.9098891,6.105751,-0.51053,5.0
72.9398808,6.1273343,-0.4897054,5.0
72.9698725,6.1489389,-0.4689028,5.0
72.9998642,6.1705637,-0.4481213,5.0
73.029856,6.1922078,-0.4273599,5.0
73.0598477,6.2138702,-0.4066176,5.0
73.0898394,6.23555,-0.3858934,5.0
73.1198311,6.2572462,-0.3651864,5.0
73.1498229,6.2789578,-0.3444955,5.0
73.1798146,6.3006839,-0.3238199,5.0
73.2098063,6.3224236,-0.3031586,5.0
73.2397981,6.344176,-0.2825105,5.0
73.2697898,6.36594,-0.2618748,5.0
73.2997815,6.387715,-0.2412506,5.0
73.3297732,6.4094998,-0.2206368,5.0
73.359765,6.4312937,-0.2000325,5.0
73.3897567,6.4530957,-0.1794369,5.0
73.4197484,6.4749049,-0.1588489,5.0
73.4497401,6.4967205,-0.1382677,5.0
73.4797319,6.5185417,-0.1176923,5.0
73.5097236,6.5403674,-0.0971218,5.0
73.5397153,6.562197,-0.0765553,5.0
73.5697071,6.5840294,-0.0559919,5.0
73.5996988,6.6058639,-0.0354307,5.0
73.6296905,6.6276995,-0.0148707,5.0
73.6596822,6.6495355,0.0056889,5.0
73.689674,6.671371,0.0262491,5.0
73.7196657,6.6932051,0.0468107,5.0
73.7496574,6.7150371,0.0673747,5.0
73.7796491,6.7368659,0.0879418,5.0
73.8096409,6.7586909,0.1085132,5.0
73.8396326,6.7805111,0.1290895,5.0
73.8696243,6.8023258,0.1496717,5.0
73.8996161,6.824134,0.1702608,5.0
73.9296078,6.8459349,0.1908576,5.0
73.9595995,6.8677278,0.2114629,5.0
73.9895912,6.8895116,0.2320777,5.0
