 x_m, y_m, vx_mps
4.5807064,-4.2681061,5.5145604
4.6318809,-4.2993486,5.5197711
4.6830927,-4.3305299,5.5249457
4.734334,-4.3616624,5.5300845
4.7855973,-4.3927585,5.5351878
4.8368752,-4.4238306,5.5402558
4.88816,-4.4548911,5.5452888
4.9394441,-4.4859527,5.5502871
4.9907201,-4.5170276,5.555251
5.0419802,-4.5481286,5.5601808
5.093217,-4.579268,5.5650766
5.1444226,-4.6104584,5.5699389
5.1955895,-4.6417123,5.5747678
5.2467099,-4.673042,5.5795635
5.297776,-4.7044599,5.5843265
5.3487799,-4.7359783,5.5890569
5.399714,-4.7676092,5.5937549
5.4505704,-4.7993647,5.5911381
5.5013411,-4.8312564,5.5378373
5.5520184,-4.8632959,5.4852746
5.6025944,-4.8954944,5.4333941
5.6530615,-4.9278627,5.3821356
5.7034121,-4.9604113,5.331434
5.7536386,-4.9931501,5.2812191
5.8037338,-5.0260887,5.231416
5.8536905,-5.0592359,5.1819448
5.903502,-5.0926003,5.132721
5.9531617,-5.1261893,5.0836556
6.0026635,-5.1600102,5.0346554
6.0520017,-5.1940692,4.9856239
6.1011714,-5.228372,4.936463
6.1501671,-5.2629232,4.8870624
6.1989873,-5.2977284,4.8373531
6.2476211,-5.3327862,4.7871277
6.2960687,-5.3680993,4.736372
6.3443617,-5.4036591,4.6830479
6.3925278,-5.43941,4.6236286
6.4405823,-5.4752939,4.5590609
6.488534,-5.5112513,4.4894712
6.5364514,-5.5472734,4.4152467
6.5843587,-5.5833246,4.3368209
6.6322746,-5.6193757,4.2573374
6.680207,-5.6554113,4.1769511
6.7281552,-5.6914271,4.0953561
6.7761165,-5.7274219,4.0125083
6.824088,-5.7633941,3.9283777
6.8720732,-5.7993456,3.8429588
6.9200786,-5.8352792,3.7562511
6.9681029,-5.8711909,3.667763
7.0161412,-5.9070817,3.5770819
7.0641745,-5.9429734,3.4868591
7.112168,-5.9789097,3.3994705
7.160068,-6.0149606,3.3172724
7.2077932,-6.0512319,3.2416768
7.2552597,-6.0878626,3.1723483
7.302367,-6.1249813,3.1085631
7.3489977,-6.1626929,3.0496668
7.3950505,-6.2011029,2.995022
7.4404266,-6.2403045,2.9440021
7.4850288,-6.2803788,2.8959865
7.5287629,-6.3213935,2.8503576
7.5715375,-6.3634034,2.8064991
7.6132651,-6.4064501,2.7637964
7.6538619,-6.4505624,2.7216396
7.693249,-6.495757,2.6794276
7.7313524,-6.5420389,2.6365793
7.7681028,-6.5894033,2.5930484
7.8034357,-6.6378354,2.5483276
7.8372907,-6.6873145,2.5019523
7.8696118,-6.7378154,2.453382
7.9003135,-6.7893181,2.4067005
7.9292363,-6.8418389,2.3626174
7.9562056,-6.8953914,2.3209346
7.9810406,-6.9499669,2.2814934
8.0035586,-7.0055384,2.2441357
8.0235752,-7.0620578,2.2087266
8.0409058,-7.1194548,2.17516
8.0553673,-7.1776362,2.1433735
8.0667789,-7.2364846,2.1133679
8.0749638,-7.2958575,2.0852346
8.0797497,-7.3555862,2.0591945
8.0809692,-7.4155188,2.0356233
8.0784503,-7.4754515,2.0151627
8.0720296,-7.5350741,1.9988831
8.061551,-7.5940931,1.9864148
8.0469109,-7.6521856,1.9757707
8.0280696,-7.7090802,1.9671759
8.005016,-7.7644619,1.961305
7.977835,-7.8178845,1.9554164
7.9469286,-7.8691746,1.9593144
7.9128603,-7.9185591,1.9828988
7.8763302,-7.9660743,2.0226943
7.8378523,-8.0120018,2.0752329
7.7978664,-8.0566103,2.1261703
7.7566728,-8.1001473,2.1756207
7.7144649,-8.1427432,2.2236851
7.6714571,-8.1842932,2.2704532
7.6274458,-8.2249159,2.3160051
7.5822717,-8.2644001,2.3604129
7.5358279,-8.3024239,2.4012195
7.4880783,-8.3387576,2.4306738
7.4390154,-8.3732453,2.4523459
7.3886568,-8.4057709,2.4685613
7.3370391,-8.4362406,2.4808598
7.2842162,-8.4645729,2.4903032
7.2302578,-8.4906963,2.497697
7.1752471,-8.5145497,2.5037229
7.119278,-8.5360862,2.5090161
7.0624519,-8.5552751,2.5142061
7.004875,-8.5721061,2.5199319
6.9466549,-8.5865904,2.5268417
6.8879667,-8.5987502,2.5355833
6.8288655,-8.6086599,2.54698
6.7694249,-8.6164072,2.5616776
6.7097356,-8.6220973,2.5801885
6.6498782,-8.6258567,2.6029662
6.5899225,-8.6278309,2.6304052
6.5299795,-8.6281821,2.6628488
6.4700498,-8.6270877,2.6996443
6.4101372,-8.6247319,2.7357287
6.3502635,-8.6213062,2.7711311
6.2904435,-8.6170081,2.8058787
6.2306896,-8.6120389,2.8399966
6.1709746,-8.6065991,2.8735086
6.1112752,-8.6008898,2.9064367
6.0515855,-8.5951134,2.9388017
5.9918992,-8.589471,2.9706233
5.9321919,-8.5841594,3.0019198
5.8723912,-8.5793687,3.0258361
5.8125452,-8.5752948,2.9629517
5.7526613,-8.5721233,2.905935
5.6927533,-8.5700321,2.8543045
5.6328405,-8.5691892,2.8075504
5.5728928,-8.5697521,2.7648149
5.5129265,-8.5718709,2.7268575
5.4530633,-8.5756989,2.6935853
5.3933659,-8.5813856,2.6646069
5.3339066,-8.5890662,2.6394626
5.2747698,-8.5988586,2.6176724
5.21605,-8.610862,2.5987027
5.1578498,-8.6251553,2.5819819
5.1002787,-8.6417966,2.5669031
5.0434497,-8.6608223,2.5528346
4.9874632,-8.6822539,2.5391121
4.9324397,-8.7060859,2.5253343
4.8785135,-8.7322838,2.511311
4.8257928,-8.7608027,2.4964558
4.7743346,-8.7916085,2.4801713
4.7242364,-8.8246276,2.4617809
4.6755901,-8.8597658,2.440537
4.6284697,-8.8969126,2.4155577
4.5829354,-8.9359329,2.3857401
4.5390251,-8.9766662,2.3496771
4.4966973,-9.0189783,2.3056174
4.455733,-9.0628937,2.2516234
4.416315,-9.1080012,2.1868056
4.3783125,-9.154291,2.111639
4.3417766,-9.2017773,2.0360799
4.3069599,-9.2506064,1.9706076
4.2744811,-9.300842,1.9245673
4.2449271,-9.3529673,1.9024624
4.2191424,-9.4072126,1.8967845
4.197862,-9.4631568,1.8910897
4.1810601,-9.520594,1.8913538
4.168653,-9.5792258,1.8975652
4.1606297,-9.6386521,1.9059242
4.15695,-9.6985068,1.915966
4.1575874,-9.7584668,1.9258633
4.1625177,-9.81822,1.9346298
4.1715863,-9.8774854,1.9462307
4.184459,-9.9360481,1.9658175
4.2007077,-9.9937769,1.9953298
4.2198497,-10.0506262,2.0357521
4.2413687,-10.1066306,2.087818
4.2647314,-10.1618928,2.1383822
4.2893801,-10.2165294,2.1874853
4.3148146,-10.2708229,2.2352251
4.3405097,-10.3250196,2.2816891
4.3659263,-10.3793566,2.3224977
4.3905161,-10.4340642,2.242126
4.413721,-10.4893529,2.1774411
4.4349765,-10.5453967,2.1281278
4.4537182,-10.6023132,2.0938144
4.4694072,-10.66018,2.073513
4.4815258,-10.7189105,2.0645351
4.4896886,-10.7783119,2.055804
4.493841,-10.8381328,2.0455363
4.4940658,-10.8981061,2.0302896
4.4904533,-10.9579803,2.0096816
4.4830814,-11.0175169,1.983878
4.4719958,-11.0764825,1.9536633
4.4571879,-11.134632,1.9216094
4.4385704,-11.1916756,1.8952713
4.4159547,-11.2472185,1.8808012
4.3891477,-11.3006741,1.8723146
4.3578637,-11.3520008,1.8667267
4.3226338,-11.4004093,1.8611221
4.2846333,-11.4466193,1.9014609
4.2458331,-11.4920341,1.957985
4.2075276,-11.5381087,2.0125976
4.1686361,-11.5833687,2.0654522
4.1274206,-11.6269079,2.0978056
4.0837631,-11.6678829,2.1063381
4.0374812,-11.7062907,2.110986
3.9889603,-11.7418291,2.1165426
3.9386191,-11.7742874,2.1233002
3.8864288,-11.8037499,2.130555
3.832574,-11.8301189,2.1373166
3.7772532,-11.8532908,2.142983
3.7206664,-11.873192,2.1483738
3.6630737,-11.8897496,2.1537712
3.6046187,-11.9029134,2.1579782
3.545479,-11.9126058,2.1602261
3.4858609,-11.9187618,2.1610245
3.4259769,-11.9213835,2.1627675
3.366032,-11.9205359,2.1670371
3.3062136,-11.9163336,2.1748839
3.2466841,-11.9089388,2.1872708
3.1875993,-11.8985617,2.2050336
3.1291517,-11.8854715,2.2289207
3.0712821,-11.8699212,2.2597815
3.0140068,-11.852201,2.2979989
2.9573087,-11.8326168,2.3428543
2.9011473,-11.8114878,2.3866055
2.8455101,-11.7891641,2.4293135
2.7902495,-11.7659568,2.4710342
2.7352124,-11.7421542,2.511818
2.6803316,-11.7179591,2.5517114
2.6255762,-11.6934809,2.5907568
2.5709366,-11.6688077,2.6289936
2.5163469,-11.6440025,2.6664577
2.4617787,-11.6191377,2.7031827
2.4072216,-11.5942607,2.7391996
2.3526724,-11.5693896,2.7745373
2.2981003,-11.5445207,2.8092225
2.2435209,-11.519671,2.8432805
2.1889429,-11.494841,2.8767348
2.1343912,-11.4699902,2.9096072
2.0798899,-11.4450202,2.9419186
2.0254624,-11.4198036,2.9736884
1.9712168,-11.3942224,3.0049348
1.9172313,-11.3681341,3.0356751
1.8635879,-11.3414001,3.0659257
1.8103496,-11.3138793,3.095702
1.7575309,-11.2854104,3.1250186
1.7052935,-11.2559191,3.0885077
1.653728,-11.2253055,3.0561664
1.602926,-11.1934824,3.0280528
1.5529793,-11.160376,3.0037709
1.5039785,-11.1259258,2.9828923
1.4559043,-11.0900024,2.9647259
1.4089505,-11.0526469,2.9487484
1.3632017,-11.0138438,2.934377
1.3187358,-10.9735925,2.920951
1.2756225,-10.931907,2.907706
1.2339208,-10.8888156,2.8944404
1.1936766,-10.8443613,2.8805539
1.1549191,-10.798602,2.8650206
1.1176567,-10.7516133,2.8465367
1.0818717,-10.7034939,2.8234079
1.0475078,-10.6543699,2.793268
1.0144632,-10.6044073,2.7532048
0.9825591,-10.5538074,2.6977563
0.9514842,-10.5024778,2.6281533
0.9212809,-10.4506761,2.550422
0.8919598,-10.398447,2.469401
0.8635748,-10.3456782,2.3921736
0.8363443,-10.2923044,2.3224398
0.810556,-10.2381871,2.2618253
0.7865703,-10.1832024,2.2111659
0.7648397,-10.1273946,2.1713684
0.7457301,-10.0705802,2.1435148
0.7297001,-10.0127812,2.1288238
0.7172024,-9.9540991,2.1224705
0.7085215,-9.8948167,2.116098
0.7036252,-9.8350903,2.1138784
0.7024054,-9.7751593,2.1168005
0.7047459,-9.7152497,2.123678
0.7105206,-9.6555645,2.133882
0.7195877,-9.5962837,2.1472099
0.7317838,-9.537565,2.1637782
0.7469107,-9.4795764,2.1839405
0.7647689,-9.4223629,2.208301
0.7851272,-9.3659843,2.2374392
0.8077345,-9.3104639,2.2719775
0.832324,-9.2557874,2.312556
0.8586162,-9.2019048,2.3570491
0.8863226,-9.1487319,2.4004582
0.9151479,-9.0961545,2.4428428
0.9447916,-9.0440319,2.4842567
0.9749476,-8.9921994,2.5247491
1.00532,-8.940491,2.5643652
1.0356272,-8.8887447,2.6031463
1.0655821,-8.8367938,2.5638485
1.0948859,-8.7844738,2.4845313
1.1232315,-8.7316299,2.4142292
1.1503043,-8.6781248,2.3523691
1.1757861,-8.6238461,2.2983333
1.1993582,-8.5687134,2.2514421
1.2207078,-8.5126843,2.2109454
1.2395333,-8.4557589,2.176032
1.2555517,-8.3979817,2.1458633
1.2685038,-8.3394415,2.1196342
1.2781586,-8.2802689,2.0966618
1.2843139,-8.220633,2.0764979
1.2867949,-8.1607376,2.0590633
1.285449,-8.1008191,2.0448078
1.2801378,-8.0411474,2.0349119
1.2707102,-7.9818987,2.0288388
1.2570844,-7.9234278,2.0227474
1.2393576,-7.8660935,2.018428
1.2179125,-7.8101552,2.0236209
1.1934251,-7.7555603,2.0495745
1.16664,-7.7017958,2.101285
1.1388703,-7.6488551,2.1514541
1.1110443,-7.5958544,2.200189
1.0836945,-7.5424118,2.2475847
1.0568398,-7.4892386,2.2937259
1.0293839,-7.4360879,2.3386885
1.0004729,-7.3834683,2.3825407
0.9696954,-7.3319326,2.412154
0.9369065,-7.2817299,2.4295436
0.902026,-7.2329729,2.4401158
0.8650251,-7.1857651,2.4465015
0.8259138,-7.1402256,2.4498759
0.7847304,-7.0964891,2.4507806
0.7415413,-7.054704,2.4495171
0.6966219,-7.0151777,2.4462917
0.6497831,-6.9777865,2.4418039
0.6011331,-6.942682,2.436239
0.5507918,-6.9100002,2.4298237
0.4989545,-6.8798952,2.422831
0.4456893,-6.8524185,2.4159165
0.3910867,-6.8276241,2.4096427
0.3353065,-6.8055802,2.4043059
0.2785277,-6.786334,2.4002097
0.2208718,-6.7698882,2.3979578
0.1624813,-6.7562337,2.3980323
0.1035229,-6.7453586,2.4000754
0.0441152,-6.7372606,2.4031276
-0.0156332,-6.7319921,2.4041202
-0.0755513,-6.7296178,2.4030842
-0.1354757,-6.7301821,2.4004671
-0.195329,-6.7337113,2.3968703
-0.2549894,-6.7402175,2.3931409
-0.3142226,-6.7496768,2.3899679
-0.3728577,-6.762043,2.3876254
-0.4307488,-6.7772532,2.3863025
-0.4880527,-6.7953292,2.3861641
-0.5443954,-6.8161279,2.3877736
-0.5996508,-6.8395481,2.3911308
-0.6537164,-6.8654797,2.3963222
-0.7065238,-6.8938071,2.4036476
-0.7580493,-6.9244074,2.4138888
-0.8083181,-6.9571275,2.4288728
-0.8574161,-6.9917204,2.452404
-0.9054934,-7.0276899,2.4707082
-0.9528782,-7.064039,2.3748348
-1.0005796,-7.0999468,2.271396
-1.0487864,-7.1353694,2.1634214
-1.0969454,-7.1711992,2.0797836
-1.1438699,-7.2083132,2.0296385
-1.1889744,-7.2477187,2.0041526
-1.2315765,-7.2899688,1.9981713
-1.2709905,-7.3352235,1.9921721
-1.3069741,-7.383237,1.9879307
-1.3395108,-7.4336326,1.991393
-1.3685519,-7.4861007,1.9983692
-1.3940068,-7.5403689,2.0058867
-1.4158424,-7.5961988,2.0126722
-1.4342734,-7.6532483,2.0308647
-1.4496657,-7.7111961,2.061803
-1.4624722,-7.7697741,2.1061145
-1.4732172,-7.8287692,2.156143
-1.4824781,-7.888019,2.2047469
-1.4908666,-7.9474004,2.2520199
-1.4990087,-8.0068154,2.298046
-1.5075269,-8.0661729,2.3429003
-1.5170228,-8.125372,2.3130832
-1.5280595,-8.1842873,2.2558637
-1.541146,-8.2427585,2.2121429
-1.5567445,-8.3006619,2.1800886
-1.575222,-8.3577352,2.1584282
-1.5968532,-8.4136551,2.1469821
-1.6218532,-8.4681068,2.1405745
-1.6502522,-8.5208455,2.1341477
-1.6817284,-8.5718387,2.1399358
-1.715864,-8.6210674,2.1571026
-1.7523841,-8.6685742,2.181125
-1.7911009,-8.7143519,2.2075989
-1.8318731,-8.7583529,2.2341356
-1.874583,-8.8005054,2.2593599
-1.9190424,-8.8406581,2.2826409
-1.9652417,-8.8788212,2.3037924
-2.013089,-8.9149216,2.322933
-2.0624865,-8.948888,2.3402728
-2.1133335,-8.9806555,2.3560602
-2.1655266,-9.0101674,2.370559
-2.2189597,-9.0373753,2.3840402
-2.2735243,-9.0622402,2.3967802
-2.32911,-9.0847333,2.4090611
-2.3856048,-9.1048369,2.4211707
-2.4428963,-9.1225449,2.4334018
-2.5008728,-9.1378639,2.4460498
-2.559424,-9.1508136,2.4594103
-2.6184316,-9.1614253,2.4737752
-2.6777959,-9.1697473,2.4894618
-2.7374347,-9.1758415,2.5067783
-2.7972586,-9.1797797,2.5259822
-2.8571866,-9.1816458,2.5473177
-2.9171465,-9.1815348,2.5710166
-2.9770755,-9.1795521,2.5973017
-3.0369213,-9.1758121,2.6263893
-3.0966417,-9.1704375,2.6584969
-3.1562057,-9.1635585,2.6938425
-3.215592,-9.1553116,2.730038
-3.2747912,-9.1458388,2.765547
-3.3338085,-9.1352865,2.8003969
-3.3926678,-9.1238004,2.8346134
-3.4513594,-9.1115027,2.8682201
-3.5098861,-9.0984742,2.9012396
-3.5682556,-9.0847702,2.9336929
-3.6264718,-9.070435,2.9655996
-3.6845379,-9.0555078,2.9969784
-3.7424579,-9.0400241,3.0278468
-3.8002354,-9.0240168,3.0582214
-3.8578745,-9.0075165,3.0881177
-3.9153791,-8.9905518,3.1175508
-3.9727535,-8.9731501,3.1465345
-4.0300022,-8.9553377,3.1750822
-4.0871302,-8.9371402,3.2032066
-4.1441427,-8.9185831,3.2309198
-4.2010455,-8.8996918,3.2582333
-4.2578448,-8.8804915,3.2851579
-4.3145476,-8.8610084,3.3117042
-4.3711612,-8.8412685,3.3378821
-4.4276952,-8.8212982,3.3637012
-4.4841577,-8.8011223,3.3891705
-4.5405539,-8.7807613,3.4142988
-4.5968898,-8.7602335,3.4390945
-4.6531717,-8.7395578,3.4635657
-4.7094063,-8.7187536,3.4877199
-4.7656007,-8.6978413,3.5115647
-4.8217619,-8.6768403,3.5351071
-4.8778952,-8.6557654,3.558354
-4.9340049,-8.6346285,3.581312
-4.9900952,-8.6134416,3.6039874
-5.0461713,-8.5922172,3.6263864
-5.1022364,-8.5709694,3.6485147
-5.1582983,-8.5497051,3.6703782
-5.2143459,-8.5284195,3.6919823
-5.2703536,-8.5070898,3.7133323
-5.3263409,-8.4856934,3.7344333
-5.3823276,-8.4642394,3.7552903
-5.4383017,-8.4427481,3.7759081
-5.4942631,-8.4212277,3.7962913
-5.550217,-8.3996839,3.8164444
-5.6061647,-8.3781233,3.8363717
-5.6621088,-8.3565514,3.8560775
-5.718051,-8.334973,3.8755659
-5.773993,-8.3133924,3.8948408
-5.8299364,-8.2918133,3.913906
-5.8858822,-8.2702389,3.9327654
-5.9418314,-8.2486718,3.9514224
-5.9977848,-8.2271144,3.9698807
-6.0537428,-8.2055683,3.9881437
-6.1096984,-8.1840379,4.0062146
-6.1656579,-8.1625217,4.0240968
-6.2216242,-8.1410195,4.0417934
-6.2775974,-8.1195316,4.0593074
-6.3335774,-8.0980583,4.0766418
-6.389564,-8.0765996,4.0937996
-6.445557,-8.0551554,4.1107835
-6.5015561,-8.0337254,4.1275963
-6.5575608,-8.0123093,4.1442408
-6.6135704,-7.990906,4.1607194
-6.6695838,-7.9695136,4.1770348
-6.7256,-7.94813,4.1931895
-6.7816179,-7.9267535,4.2091859
-6.8376366,-7.9053821,4.2250263
-6.8936582,-7.8840133,4.2407132
-6.9496811,-7.8626457,4.2562487
-7.0057047,-7.8412785,4.271635
-7.0617283,-7.8199108,4.2868744
-7.1177513,-7.7985421,4.3019689
-7.1737736,-7.7771723,4.3169206
-7.2297948,-7.7558014,4.3317315
-7.2858146,-7.7344285,4.3464035
-7.3418321,-7.7130522,4.3609387
-7.3978469,-7.6916711,4.3753389
-7.4538585,-7.6702842,4.3896059
-7.5098666,-7.6488906,4.4037416
-7.5658705,-7.6274885,4.3967577
-7.62187,-7.6060764,4.3172807
-7.6778661,-7.584653,4.2367737
-7.7338648,-7.5632159,4.1551191
-7.7898589,-7.5417688,4.0721989
-7.8458489,-7.5203128,3.9878917
-7.9018354,-7.4988501,3.9020725
-7.9578196,-7.4773835,3.814613
-8.0138024,-7.4559153,3.7259706
-8.0697812,-7.4344384,3.6383366
-8.1257414,-7.412914,3.5528004
-8.1816595,-7.3912812,3.4696981
-8.2375077,-7.3694686,3.3905072
-8.293247,-7.347379,3.3162152
-8.3488283,-7.3248949,3.2466719
-8.4041993,-7.3018979,3.1814904
-8.4593054,-7.2782737,3.1203254
-8.5140897,-7.253913,3.0628716
-8.5684918,-7.2287109,3.0088634
-8.6224478,-7.2025678,2.9580744
-8.6758892,-7.175389,2.9103184
-8.7287429,-7.1470849,2.8654501
-8.7809305,-7.1175712,2.8233667
-8.8323675,-7.0867688,2.784013
-8.8829635,-7.054604,2.7473803
-8.9326206,-7.0210089,2.7135225
-8.9812349,-6.9859202,2.6825173
-9.0286952,-6.9492805,2.6543798
-9.0748802,-6.9110442,2.6288819
-9.1196663,-6.8711801,2.6057012
-9.1629314,-6.8296708,2.5845304
-9.204554,-6.7865149,2.5650441
-9.2444146,-6.7417266,2.546918
-9.2823976,-6.6953348,2.5298307
-9.3183916,-6.6473825,2.513474
-9.3522908,-6.5979258,2.4975615
-9.3839951,-6.5470324,2.4818395
-9.4134103,-6.4947806,2.4660968
-9.4404479,-6.441258,2.4502594
-9.4650244,-6.3865605,2.434256
-9.4870603,-6.3307915,2.4179956
-9.5064787,-6.2740618,2.4014561
-9.5232042,-6.2164899,2.3847969
-9.537161,-6.158202,2.3684388
-9.5482711,-6.0993328,2.3528937
-9.556459,-6.0399576,2.3389576
-9.5616259,-5.980162,2.3279456
-9.5636404,-5.9202233,2.3209979
-9.5623917,-5.8603242,2.3140294
-9.5579374,-5.8006061,2.3088385
-9.5506356,-5.7410473,2.3191946
-9.5410195,-5.681905,2.3479897
-9.5295597,-5.6230976,2.3916168
-9.5166338,-5.564625,2.4342075
-9.5024293,-5.5063973,2.4758168
-9.4869586,-5.4484011,2.5164949
-9.4701797,-5.3910248,2.5562877
-9.4516856,-5.3340533,2.5882346
-9.4311944,-5.2777034,2.5855968
-9.4085379,-5.2221695,2.5693414
-9.3836151,-5.1676159,2.5565654
-9.3563751,-5.11419,2.54615
-9.3268004,-5.0620264,2.5372932
-9.2949,-5.011253,2.5293667
-9.2607045,-4.9619923,2.5218179
-9.2242637,-4.9143611,2.5142464
-9.1856438,-4.8684685,2.5068656
-9.1449267,-4.8244144,2.5001467
-9.1022072,-4.7822868,2.4944973
-9.0576288,-4.7421923,2.4902734
-9.011311,-4.7041845,2.4878808
-8.9633295,-4.668265,2.4876926
-8.9138117,-4.6344621,2.4899073
-8.8628882,-4.6027875,2.4946796
-8.8106919,-4.5732367,2.5021242
-8.7573597,-4.5457918,2.5123219
-8.703056,-4.5204315,2.5253417
-8.6478383,-4.4970736,2.5414059
-8.591825,-4.475658,2.560498
-8.5351297,-4.4561132,2.5826047
-8.4778611,-4.4383571,2.6077271
-8.420098,-4.4222911,2.6358923
-8.3618897,-4.4078041,2.6672354
-8.3033326,-4.3947916,2.7019263
-8.244502,-4.3831352,2.7379671
-8.1854647,-4.3727068,2.7733278
-8.1262769,-4.3633666,2.8080351
-8.0669326,-4.3549563,2.8421144
-8.0074043,-4.3473049,2.8755891
-7.947816,-4.3402438,2.9084813
-7.8882012,-4.3335772,2.9408118
-7.8286157,-4.3270804,2.9725999
-7.7690682,-4.3205239,3.0038641
-7.7095283,-4.3137553,3.0346216
-7.6500094,-4.3067052,3.0648889
-7.5905289,-4.2993254,3.0946813
-7.5310863,-4.2915872,3.1240136
-7.471688,-4.2834791,3.1528995
-7.412336,-4.2750027,3.1813523
-7.3530324,-4.266168,3.2093846
-7.2937794,-4.2569836,3.2370082
-7.2345822,-4.2474393,3.2642346
-7.1754566,-4.2374991,3.2910745
-7.1164073,-4.2271183,3.3175382
-7.0574417,-4.2162552,3.3436358
-6.9985702,-4.2048723,3.3693765
-6.9398046,-4.1929349,3.3947695
-6.8811575,-4.1804109,3.4198234
-6.8226427,-4.1672705,3.4445465
-6.7642744,-4.1534864,3.4689467
-6.7060675,-4.1390338,3.4930318
-6.6480367,-4.1238907,3.4521172
-6.5901961,-4.1080391,3.3983685
-6.5325589,-4.0914658,3.3436877
-6.475137,-4.0741643,3.2875917
-6.4179403,-4.0561374,3.2294519
-6.3609764,-4.0374003,3.168454
-6.3042498,-4.017985,3.1035605
-6.2477597,-3.9979436,3.0335008
-6.1914956,-3.9773505,2.9568208
-6.1354321,-3.9562989,2.8720878
-6.0794257,-3.9348506,2.7782125
-6.02354,-3.9131342,2.6755496
-5.9677892,-3.8912032,2.5680517
-5.9121632,-3.8689925,2.467848
-5.8566789,-3.8461793,2.3860252
-5.8016875,-3.8223054,2.3185076
-5.7474215,-3.7969097,2.2635571
-5.6940703,-3.7695776,2.219187
-5.6419144,-3.7399962,2.1846832
-5.5912541,-3.7079068,2.1599726
-5.5424176,-3.673103,2.1447125
-5.4957487,-3.6354479,2.1348634
-5.4515401,-3.5949372,2.1265163
-5.4100201,-3.5516785,2.1189048
-5.3713958,-3.5058187,2.1118718
-5.3358635,-3.4575272,2.1052202
-5.3036053,-3.4069943,2.0987306
-5.2747872,-3.3544296,2.0922254
-5.2495574,-3.3000607,2.0856923
-5.2280414,-3.2441192,2.0789657
-5.2103375,-3.1868066,2.0719111
-5.1965581,-3.1284182,2.064336
-5.1867868,-3.0692282,2.0562587
-5.1810939,-3.0095278,2.0478601
-5.1795356,-2.9496297,2.0400204
-5.1821515,-2.8898731,2.0335229
-5.1890262,-2.8301565,2.027454
-5.2001206,-2.7712431,2.0213668
-5.2153269,-2.7133698,2.0174243
-5.2345249,-2.6565185,2.0172399
-5.2572403,-2.6011734,2.0283362
-5.2833136,-2.5472807,2.0442625
-5.3127442,-2.495125,2.0517833
-5.3455246,-2.4449091,2.0565033
-5.3815438,-2.3969766,2.0574297
-5.420658,-2.3516369,2.0554476
-5.4628745,-2.3089836,2.0516835
-5.5079524,-2.2693498,2.0467866
-5.5555635,-2.2330517,2.0411293
-5.6056162,-2.200104,2.0372757
-5.6577751,-2.1705438,2.0397275
-5.7116625,-2.1442392,2.0522474
-5.7669129,-2.1208978,2.0776395
-5.8231852,-2.1001763,2.1154416
-5.8802525,-2.0817579,2.1632611
-5.9379881,-2.0655401,2.2090127
-5.9962638,-2.0514598,2.2537479
-6.05498,-2.0394275,2.2981213
-6.1140551,-2.0293354,2.3429306
-6.1734158,-2.0210596,2.3866799
-6.2329969,-2.0144614,2.4293862
-6.2927407,-2.0093881,2.4711052
-6.3525971,-2.0056737,2.5118874
-6.4125244,-2.0031408,2.5517793
-6.4724893,-2.0016015,2.5908234
-6.5324659,-2.0008598,2.6290588
-6.5924353,-2.0007133,2.6665216
-6.652393,-2.0009563,2.7032454
-6.7123649,-2.001382,2.7392611
-6.772345,-2.0017847,2.7745976
-6.8323263,-2.0019619,2.8092817
-6.8922976,-2.0017188,2.8433387
-6.9522461,-2.0008651,2.8767919
-7.0121636,-1.9992024,2.9096634
-7.0720328,-1.9965255,2.8623019
-7.1318351,-1.992642,2.8153396
-7.1915933,-1.9873662,2.7736446
-7.2511878,-1.9805371,2.7366641
-7.3105546,-1.9720059,2.7038688
-7.3696179,-1.9616408,2.6747342
-7.4282903,-1.9493287,2.6487135
-7.4864719,-1.9349772,2.6252
-7.544052,-1.9185174,2.6034767
-7.6011251,-1.8998322,2.5827145
-7.6574026,-1.8789421,2.5624891
-7.7127332,-1.855853,2.5434804
-7.7669972,-1.8305521,2.5292509
-7.8201021,-1.8029586,2.5151157
-7.8719648,-1.7730829,2.50049
-7.9225384,-1.7408934,2.4881779
-7.9716537,-1.706393,2.4783146
-8.0190337,-1.6696795,2.4702339
-8.0645778,-1.6307637,2.4628616
-8.1082141,-1.5896595,2.4554671
-8.1498154,-1.5464654,2.4484234
-8.1892808,-1.5012996,2.4425627
-8.2265353,-1.4542935,2.4385308
-8.26153,-1.4055886,2.4368535
-8.2942417,-1.3553332,2.437983
-8.3246773,-1.3036728,2.4423453
-8.3528757,-1.2507425,2.4505027
-8.3788907,-1.1967047,2.4629086
-8.4028228,-1.1417304,2.4809058
-8.4248156,-1.0859599,2.5051776
-8.4450041,-1.0295166,2.5344217
-8.4635142,-0.9725045,2.5677153
-8.4804603,-0.9150074,2.6041837
-8.4959445,-0.8570933,2.642147
-8.5100537,-0.7988243,2.6793496
-8.52286,-0.7402608,2.7158242
-8.5344264,-0.6814408,2.751601
-8.5448038,-0.6223961,2.7867082
-8.554032,-0.5631546,2.8211719
-8.5621416,-0.5037418,2.8550167
-8.5691555,-0.4441814,2.8882656
-8.5750876,-0.3845268,2.9209401
-8.5799528,-0.3247863,2.9530604
-8.5837618,-0.2649648,2.9846456
-8.5865215,-0.2050814,3.0157136
-8.5882374,-0.1451554,3.0462813
-8.5889141,-0.0852056,3.0763647
-8.5885564,-0.0252509,3.1059791
-8.5871691,0.0346901,3.1351386
-8.5847577,0.0945994,3.163857
-8.5813284,0.1544593,3.1921472
-8.5768885,0.2142528,3.2200214
-8.5714462,0.2739632,3.2474914
-8.5650109,0.3335747,3.274155
-8.5575931,0.3930719,3.3000487
-8.5492047,0.4524402,3.3252847
-8.5398587,0.5116657,3.3499732
-8.5295696,0.5707354,3.3742227
-8.5183529,0.6296368,3.3981399
-8.5062259,0.6883587,3.4218299
-8.493207,0.7468907,3.4453964
-8.4793158,0.8052234,3.4689419
-8.4645737,0.8633486,3.4925676
-8.449003,0.9212591,3.5163507
-8.4326278,0.9789491,3.5398328
-8.4154787,1.0363957,3.5630207
-8.3975794,1.0936075,3.5859211
-8.3789553,1.1505905,3.6085401
-8.3596354,1.2073444,3.6308838
-8.3396497,1.2638705,3.6529581
-8.3190295,1.3201713,3.6747687
-8.2978074,1.3762509,3.696321
-8.2760168,1.432115,3.7176202
-8.2536923,1.4877705,3.7386715
-8.2308693,1.5432259,3.7594797
-8.2075911,1.5984753,3.7800497
-8.1838907,1.6535405,3.800386
-8.1598031,1.7084414,3.8204931
-8.1353672,1.7631919,3.8403753
-8.1106227,1.8178068,3.8600368
-8.0856099,1.8723022,3.8794816
-8.0603698,1.9266948,3.8987138
-8.0349443,1.9810026,3.9177371
-8.0093801,2.0352349,3.9365552
-7.9837174,2.0894175,3.9551718
-7.9579963,2.1435756,3.9735903
-7.9322551,2.1977269,3.9918142
-7.9065138,2.2518801,4.0098467
-7.8807774,2.3060366,4.0275767
-7.8550459,2.3601953,3.9422183
-7.8293159,2.4143527,3.8560821
-7.8035764,2.4685034,3.769392
-7.7778121,2.5226447,3.682236
-7.7520127,2.5767583,3.593965
-7.7261656,2.6308485,3.5034673
-7.7002817,2.6849396,3.4097487
-7.6744067,2.7390366,3.3153192
-7.6485826,2.7931479,3.2207806
-7.6228321,2.8473001,3.12338
-7.5971276,2.9014807,3.0256554
-7.5712953,2.9556023,2.9389608
-7.5450797,3.0095354,2.8634092
-7.5182152,3.0631388,2.7982372
-7.4904491,3.1162683,2.7426708
-7.4615482,3.1687756,2.6959511
-7.4312846,3.2205373,2.657191
-7.3994774,3.2713876,2.6254968
-7.3659892,3.3211394,2.6000275
-7.3307041,3.3696263,2.579892
-7.2935422,3.4166838,2.5641532
-7.2544589,3.4621537,2.5518473
-7.2134444,3.5058864,2.542015
-7.1705205,3.5477447,2.5337384
-7.1257363,3.5876058,2.5261765
-7.079163,3.6253627,2.5185922
-7.0308877,3.6609245,2.5110759
-6.9810086,3.6942151,2.5041916
-6.9296313,3.7251715,2.4983074
-6.8768695,3.7537418,2.493682
-6.8228514,3.7798844,2.4906079
-6.7677349,3.8035733,2.4896574
-6.7117315,3.8248163,2.4921258
-6.6550467,3.8437258,2.5008497
-6.5973085,3.8607495,2.5216538
-6.5396228,3.8761766,2.5613361
-6.4814926,3.8910367,2.6001803
-6.4235811,3.9058011,2.5507313
-6.3653442,3.9199823,2.5004816
-6.3068452,3.932427,2.4739987
-6.2477705,3.9425556,2.4599234
-6.1880661,3.9500047,2.4511503
-6.1283324,3.9545453,2.443835
-6.0684698,3.9561466,2.4364977
-6.0085399,3.9547834,2.4292294
-5.9487271,3.9504426,2.4223367
-5.8891971,3.9431221,2.4156905
-5.8301082,3.9328246,2.4090898
-5.7716158,3.9195592,2.4024346
-5.7138746,3.9033448,2.3958048
-5.6570362,3.8842157,2.3894897
-5.6012453,3.8622261,2.3839871
-5.5466345,3.837455,2.3799805
-5.493318,3.8100089,2.3782975
-5.4414058,3.7800353,2.3798567
-5.3909414,3.7476909,2.3857399
-5.3419427,3.7131607,2.3969
-5.2943943,3.6766523,2.4141699
-5.2482402,3.6383879,2.4382858
-5.2033858,3.5985985,2.4698869
-5.1597011,3.55752,2.5095349
-5.1170251,3.5153898,2.5494775
-5.07517,3.4724448,2.5885699
-5.0339263,3.4289204,2.6268514
-4.9930644,3.3850407,2.6643583
-4.9523624,3.3410012,2.7011243
-4.9116659,3.2969515,2.7371805
-4.8708704,3.2529929,2.7725558
-4.8299555,3.2091637,2.8072773
-4.788939,3.1654487,2.8413701
-4.7478187,3.1218242,2.8748579
-4.7065944,3.0782926,2.9077628
-4.665274,3.0348569,2.9401054
-4.6238569,2.9915142,2.9719052
-4.5823381,2.9482559,3.0031808
-4.5407223,2.9050841,3.0339493
-4.4990156,2.8620026,3.0642272
-4.4572194,2.8190098,3.0940299
-4.4153353,2.7761047,3.1233721
-4.3733645,2.7332859,3.1522678
-4.3313084,2.6905522,3.18073
-4.2891682,2.6479025,3.2087714
-4.2469454,2.6053357,3.2364039
-4.2046411,2.5628505,3.2636389
-4.1622565,2.520446,3.2904872
-4.1197929,2.4781211,3.3169592
-4.0772514,2.4358749,3.3430647
-4.034633,2.3937063,3.3688132
-3.991939,2.3516145,3.3942137
-3.9491697,2.3095979,3.419275
-3.906323,2.2676526,3.4440053
-3.8634042,2.225782,3.4684126
-3.8204141,2.1839851,3.4925045
-3.7773538,2.1422614,3.5162883
-3.734224,2.1006099,3.5397712
-3.6910256,2.05903,3.5629599
-3.6477595,2.017521,3.585861
-3.6044264,1.9760823,3.6084808
-3.5610271,1.9347132,3.6308252
-3.5175622,1.8934132,3.6529003
-3.4740326,1.8521817,3.6747115
-3.4304388,1.8110181,3.6962645
-3.3867814,1.7699221,3.7175644
-3.3430612,1.7288932,3.7386163
-3.2992785,1.6879308,3.7594251
-3.255434,1.6470348,3.7799957
-3.2115282,1.6062045,3.8003326
-3.1675616,1.5654399,3.8204403
-3.1235346,1.5247404,3.8403231
-3.0794476,1.484106,3.8599852
-3.0353011,1.4435362,3.8794306
-2.9910953,1.4030309,3.8986633
-2.9468307,1.3625899,3.9176872
-2.9025076,1.3222131,3.9365059
-2.8581263,1.2819002,3.955123
-2.813687,1.2416513,3.973542
-2.7691899,1.2014661,3.9917664
-2.7246354,1.1613446,4.0097994
-2.6800236,1.1212868,4.0276443
-2.6353547,1.0812926,4.0453042
-2.5906289,1.0413621,4.0627821
-2.5458463,1.0014953,4.080081
-2.501007,0.9616922,4.0972038
-2.4561111,0.9219528,4.1141534
-2.4111588,0.8822773,4.1309324
-2.3661501,0.8426658,4.1475435
-2.321085,0.8031183,4.1639894
-2.2759636,0.763635,4.1802725
-2.230786,0.724216,4.1963954
-2.1855521,0.6848616,4.2123605
-2.140262,0.6455718,4.2281701
-2.0949156,0.6063469,4.2438265
-2.049513,0.567187,4.259332
-2.0040541,0.5280924,4.2746889
-1.9585388,0.4890633,4.2898992
-1.9129672,0.4500999,4.304965
-1.8673391,0.4112024,4.3198884
-1.8216547,0.372371,4.3346714
-1.7759143,0.3336054,4.349316
-1.7301189,0.2949059,4.3638241
-1.6842687,0.2562717,4.3781976
-1.6383638,0.2177025,4.3924382
-1.5924047,0.1791978,4.4065479
-1.5463919,0.1407574,4.4205283
-1.5003257,0.1023808,4.4343813
-1.4542067,0.0640678,4.4481084
-1.4080352,0.0258179,4.4617114
-1.3618118,-0.0123693,4.4751918
-1.3155369,-0.0504941,4.4885513
-1.269211,-0.0885569,4.5017914
-1.2228345,-0.1265582,4.5149136
-1.1764079,-0.1644983,4.5279195
-1.1299317,-0.2023776,4.5408104
-1.0834063,-0.2401966,4.553588
-1.0368322,-0.2779557,4.5662534
-0.99021,-0.3156553,4.5788082
-0.94354,-0.3532959,4.5912537
-0.8968228,-0.3908779,4.6035913
-0.8500589,-0.4284018,4.6158222
-0.8032487,-0.465868,4.6279477
-0.7563927,-0.503277,4.6399691
-0.7094915,-0.5406293,4.6518877
-0.6625455,-0.5779254,4.6637046
-0.6155552,-0.6151657,4.6754211
-0.5685212,-0.6523507,4.6870382
-0.5214438,-0.6894809,4.6985573
-0.4743237,-0.7265568,4.7099794
-0.4271613,-0.763579,4.7213056
-0.3799571,-0.800548,4.7325371
-0.3327117,-0.8374641,4.7436748
-0.2854255,-0.8743281,4.7547199
-0.238099,-0.9111404,4.7656734
-0.1907328,-0.9479015,4.7765364
-0.1433276,-0.9846118,4.7873098
-0.0958839,-1.0212718,4.7979946
-0.0484019,-1.0578823,4.8085918
-0.0008822,-1.0944438,4.8191024
0.0466748,-1.130957,4.8295274
0.0942685,-1.1674223,4.8398675
0.1418985,-1.2038403,4.8501238
0.1895642,-1.2402116,4.8602972
0.2372652,-1.2765368,4.8703885
0.2850008,-1.3128164,4.8803986
0.3327706,-1.349051,4.8903284
0.3805742,-1.385241,4.9001788
0.4284115,-1.4213867,4.9099504
0.4762825,-1.4574876,4.9196443
0.5241873,-1.4935436,4.9292611
0.5721262,-1.5295544,4.9388018
0.6200993,-1.5655195,4.948267
0.6681067,-1.6014388,4.9576575
0.7161487,-1.637312,4.9669741
0.7642253,-1.6731386,4.9762176
0.8123366,-1.7089185,4.9853887
0.860483,-1.7446514,4.9944881
0.9086644,-1.7803369,5.0035166
0.956881,-1.8159747,5.0124748
1.005133,-1.8515645,5.0213634
1.0534205,-1.8871061,5.0301832
1.1017438,-1.9225992,5.0389348
1.150103,-1.9580435,5.0476189
1.1984981,-1.9934388,5.0562362
1.2469294,-2.0287845,5.0647872
1.2953969,-2.0640806,5.0732727
1.3439008,-2.0993267,5.0816933
1.3924413,-2.1345224,5.0900496
1.4410184,-2.1696676,5.0983422
1.4896323,-2.2047618,5.1065718
1.5382831,-2.2398048,5.1147389
1.5869709,-2.2747963,5.1228441
1.635696,-2.309736,5.130888
1.6844583,-2.3446235,5.1388712
1.7332581,-2.3794586,5.1467943
1.7820955,-2.414241,5.1546578
1.8309706,-2.4489704,5.1624623
1.8798834,-2.4836464,5.1702083
1.9288343,-2.5182688,5.1778964
1.9778232,-2.5528373,5.1855271
2.0268503,-2.5873514,5.193101
2.0759157,-2.6218111,5.2006185
2.1250195,-2.6562158,5.2080801
2.1741619,-2.6905654,5.2154865
2.223343,-2.7248594,5.222838
2.272563,-2.7590977,5.2301352
2.3218218,-2.7932799,5.2373786
2.3711197,-2.8274056,5.2445687
2.4204575,-2.8614751,5.2517059
2.4698346,-2.8954875,5.2587907
2.5192511,-2.9294425,5.2658235
2.5687072,-2.9633399,5.2728049
2.618203,-2.9971793,5.2797353
2.6677386,-3.0309603,5.2866152
2.7173141,-3.0646828,5.2934449
2.7669297,-3.0983462,5.3002249
2.8165854,-3.1319504,5.3069558
2.8662814,-3.1654949,5.3136378
2.9160177,-3.1989795,5.3202714
2.9657946,-3.2324038,5.3268571
3.015612,-3.2657674,5.3333952
3.0654702,-3.2990702,5.3398862
3.1153693,-3.3323117,5.3463305
3.1653093,-3.3654915,5.3527284
3.2152903,-3.3986094,5.3590804
3.2653126,-3.431665,5.3653869
3.3153761,-3.464658,5.3716482
3.3654811,-3.4975881,5.3778648
3.4156276,-3.5304548,5.3840369
3.4658157,-3.5632578,5.3901651
3.5160456,-3.5959969,5.3962496
3.5663173,-3.6286716,5.4022909
3.616631,-3.6612816,5.4082892
3.6669868,-3.6938266,5.414245
3.7173848,-3.7263062,5.4201586
3.7678251,-3.75872,5.4260303
3.8183077,-3.7910677,5.4318606
3.8688329,-3.823349,5.4376497
3.9194007,-3.8555634,5.443398
3.9700112,-3.8877107,5.4491058
4.0206645,-3.9197904,5.4547735
4.0713608,-3.9518022,5.4604013
4.1221,-3.9837458,5.4659897
4.1728825,-4.0156207,5.4715389
4.2237081,-4.0474267,5.4770493
4.2745771,-4.0791633,5.4825211
4.3254895,-4.1108302,5.4879547
4.3764455,-4.1424271,5.4933505
4.427445,-4.1739534,5.4987086
4.4784883,-4.205409,5.5040294
4.5295754,-4.2367933,5.5093132
4.5807064,-4.2681061,5.5145604
